action_baseline,k_baseline,ticker_baseline,company_baseline,quality_score_baseline,mos_baseline,mode_baseline,period,date_baseline,ret_baseline,action_change1_quality,k_change1_quality,ticker_change1_quality,company_change1_quality,quality_score_change1_quality,mos_change1_quality,mode_change1_quality,date_change1_quality,ret_change1_quality,action_change2_value,k_change2_value,ticker_change2_value,company_change2_value,quality_score_change2_value,mos_change2_value,mode_change2_value,date_change2_value,ret_change2_value,action_v2,k_v2,ticker_v2,company_v2,quality_score_v2,mos_v2,mode_v2,date_v2,ret_v2
CASH,CASH,CASH,CASH,,,baseline,2011-05,2011-05-31,0.0,CASH,CASH,CASH,CASH,,,change1_quality,2011-05-31,0.0,CASH,CASH,CASH,CASH,,,change2_value,2011-05-31,0.0,CASH,CASH,CASH,CASH,,,v2,2011-05-31,0.0
CASH,CASH,CASH,CASH,,,baseline,2011-06,2011-06-30,0.0,CASH,CASH,CASH,CASH,,,change1_quality,2011-06-30,0.0,CASH,CASH,CASH,CASH,,,change2_value,2011-06-30,0.0,CASH,CASH,CASH,CASH,,,v2,2011-06-30,0.0
CASH,CASH,CASH,CASH,,,baseline,2011-07,2011-07-29,0.0,CASH,CASH,CASH,CASH,,,change1_quality,2011-07-29,0.0,CASH,CASH,CASH,CASH,,,change2_value,2011-07-29,0.0,CASH,CASH,CASH,CASH,,,v2,2011-07-29,0.0
CASH,CASH,CASH,CASH,,,baseline,2011-08,2011-08-31,0.0,CASH,CASH,CASH,CASH,,,change1_quality,2011-08-31,0.0,CASH,CASH,CASH,CASH,,,change2_value,2011-08-31,0.0,CASH,CASH,CASH,CASH,,,v2,2011-08-31,0.0
CASH,CASH,CASH,CASH,,,baseline,2011-09,2011-09-30,0.0,CASH,CASH,CASH,CASH,,,change1_quality,2011-09-30,0.0,CASH,CASH,CASH,CASH,,,change2_value,2011-09-30,0.0,CASH,CASH,CASH,CASH,,,v2,2011-09-30,0.0
CASH,CASH,CASH,CASH,,,baseline,2011-10,2011-10-31,0.0,CASH,CASH,CASH,CASH,,,change1_quality,2011-10-31,0.0,CASH,CASH,CASH,CASH,,,change2_value,2011-10-31,0.0,CASH,CASH,CASH,CASH,,,v2,2011-10-31,0.0
CASH,CASH,CASH,CASH,,,baseline,2011-11,2011-11-30,0.0,CASH,CASH,CASH,CASH,,,change1_quality,2011-11-30,0.0,CASH,CASH,CASH,CASH,,,change2_value,2011-11-30,0.0,CASH,CASH,CASH,CASH,,,v2,2011-11-30,0.0
CASH,CASH,CASH,CASH,,,baseline,2011-12,2011-12-30,0.0,CASH,CASH,CASH,CASH,,,change1_quality,2011-12-30,0.0,CASH,CASH,CASH,CASH,,,change2_value,2011-12-30,0.0,CASH,CASH,CASH,CASH,,,v2,2011-12-30,0.0
CASH,CASH,CASH,CASH,,,baseline,2012-01,2012-01-31,0.0,CASH,CASH,CASH,CASH,,,change1_quality,2012-01-31,0.0,CASH,CASH,CASH,CASH,,,change2_value,2012-01-31,0.0,CASH,CASH,CASH,CASH,,,v2,2012-01-31,0.0
BUY,ZEAL,ZEAL,Zealand Pharma,0.06732686589447426,1.4333500044129326,baseline,2012-02,2012-02-29,0.18439716312056742,BUY,ZEAL,ZEAL,Zealand Pharma,0.06732686589447426,1.4333500044129326,change1_quality,2012-02-29,0.18439716312056742,BUY,ZEAL,ZEAL,Zealand Pharma,0.06732686589447426,1.4333500044129326,change2_value,2012-02-29,0.18439716312056742,BUY,ZEAL,ZEAL,Zealand Pharma,0.06732686589447426,1.4333500044129326,v2,2012-02-29,0.18439716312056742
BUY,ZEAL,ZEAL,Zealand Pharma,0.06732686589447426,1.4333500044129326,baseline,2012-03,2012-03-30,0.3293413173652695,BUY,ZEAL,ZEAL,Zealand Pharma,0.06732686589447426,1.4333500044129326,change1_quality,2012-03-30,0.3293413173652695,BUY,ZEAL,ZEAL,Zealand Pharma,0.06732686589447426,1.4333500044129326,change2_value,2012-03-30,0.3293413173652695,BUY,ZEAL,ZEAL,Zealand Pharma,0.06732686589447426,1.4333500044129326,v2,2012-03-30,0.3293413173652695
BUY,ZEAL,ZEAL,Zealand Pharma,0.06732686589447426,1.4333500044129326,baseline,2012-04,2012-04-30,-0.2432432432432432,BUY,ZEAL,ZEAL,Zealand Pharma,0.06732686589447426,1.4333500044129326,change1_quality,2012-04-30,-0.2432432432432432,BUY,ZEAL,ZEAL,Zealand Pharma,0.06732686589447426,1.4333500044129326,change2_value,2012-04-30,-0.2432432432432432,BUY,ZEAL,ZEAL,Zealand Pharma,0.06732686589447426,1.4333500044129326,v2,2012-04-30,-0.2432432432432432
BUY,ZEAL,ZEAL,Zealand Pharma,0.06732686589447426,1.4333500044129326,baseline,2012-05,2012-05-31,-0.04761904761904767,BUY,ZEAL,ZEAL,Zealand Pharma,0.06732686589447426,1.4333500044129326,change1_quality,2012-05-31,-0.04761904761904767,BUY,ZEAL,ZEAL,Zealand Pharma,0.06732686589447426,1.4333500044129326,change2_value,2012-05-31,-0.04761904761904767,BUY,ZEAL,ZEAL,Zealand Pharma,0.06732686589447426,1.4333500044129326,v2,2012-05-31,-0.04761904761904767
BUY,ZEAL,ZEAL,Zealand Pharma,0.06732686589447426,1.4333500044129326,baseline,2012-06,2012-06-29,0.10000000000000009,BUY,ZEAL,ZEAL,Zealand Pharma,0.06732686589447426,1.4333500044129326,change1_quality,2012-06-29,0.10000000000000009,BUY,ZEAL,ZEAL,Zealand Pharma,0.06732686589447426,1.4333500044129326,change2_value,2012-06-29,0.10000000000000009,BUY,ZEAL,ZEAL,Zealand Pharma,0.06732686589447426,1.4333500044129326,v2,2012-06-29,0.10000000000000009
BUY,ZEAL,ZEAL,Zealand Pharma,0.06732686589447426,1.4333500044129326,baseline,2012-07,2012-07-31,0.05681818181818188,BUY,ZEAL,ZEAL,Zealand Pharma,0.06732686589447426,1.4333500044129326,change1_quality,2012-07-31,0.05681818181818188,BUY,ZEAL,ZEAL,Zealand Pharma,0.06732686589447426,1.4333500044129326,change2_value,2012-07-31,0.05681818181818188,BUY,ZEAL,ZEAL,Zealand Pharma,0.06732686589447426,1.4333500044129326,v2,2012-07-31,0.05681818181818188
BUY,ZEAL,ZEAL,Zealand Pharma,0.06732686589447426,1.4333500044129326,baseline,2012-08,2012-08-31,0.06451612903225801,BUY,ZEAL,ZEAL,Zealand Pharma,0.06732686589447426,1.4333500044129326,change1_quality,2012-08-31,0.06451612903225801,BUY,ZEAL,ZEAL,Zealand Pharma,0.06732686589447426,1.4333500044129326,change2_value,2012-08-31,0.06451612903225801,BUY,ZEAL,ZEAL,Zealand Pharma,0.06732686589447426,1.4333500044129326,v2,2012-08-31,0.06451612903225801
BUY,ZEAL,ZEAL,Zealand Pharma,0.06732686589447426,1.4333500044129326,baseline,2012-09,2012-09-28,0.045454545454545414,BUY,ZEAL,ZEAL,Zealand Pharma,0.06732686589447426,1.4333500044129326,change1_quality,2012-09-28,0.045454545454545414,BUY,ZEAL,ZEAL,Zealand Pharma,0.06732686589447426,1.4333500044129326,change2_value,2012-09-28,0.045454545454545414,BUY,ZEAL,ZEAL,Zealand Pharma,0.06732686589447426,1.4333500044129326,v2,2012-09-28,0.045454545454545414
BUY,ZEAL,ZEAL,Zealand Pharma,0.06732686589447426,1.4333500044129326,baseline,2012-10,2012-10-31,-0.07246376811594202,BUY,ZEAL,ZEAL,Zealand Pharma,0.06732686589447426,1.4333500044129326,change1_quality,2012-10-31,-0.07246376811594202,BUY,ZEAL,ZEAL,Zealand Pharma,0.06732686589447426,1.4333500044129326,change2_value,2012-10-31,-0.07246376811594202,BUY,ZEAL,ZEAL,Zealand Pharma,0.06732686589447426,1.4333500044129326,v2,2012-10-31,-0.07246376811594202
BUY,ZEAL,ZEAL,Zealand Pharma,0.06732686589447426,1.4333500044129326,baseline,2012-11,2012-11-30,-0.125,BUY,ZEAL,ZEAL,Zealand Pharma,0.06732686589447426,1.4333500044129326,change1_quality,2012-11-30,-0.125,BUY,ZEAL,ZEAL,Zealand Pharma,0.06732686589447426,1.4333500044129326,change2_value,2012-11-30,-0.125,BUY,ZEAL,ZEAL,Zealand Pharma,0.06732686589447426,1.4333500044129326,v2,2012-11-30,-0.125
BUY,PNDORA,PNDORA,Pandora,0.05858853083229293,0.4455838348518979,baseline,2012-12,2012-12-31,0.09236949082378199,BUY,PNDORA,PNDORA,Pandora,0.05858853083229293,0.4455838348518979,change1_quality,2012-12-31,0.09236949082378199,BUY,PNDORA,PNDORA,Pandora,0.05858853083229293,0.4455838348518979,change2_value,2012-12-31,0.09236949082378199,BUY,PNDORA,PNDORA,Pandora,0.05858853083229293,0.4455838348518979,v2,2012-12-31,0.09236949082378199
BUY,ZEAL,ZEAL,Zealand Pharma,0.06732686589447426,1.4333500044129326,baseline,2013-01,2013-01-31,-0.17368421052631577,BUY,ZEAL,ZEAL,Zealand Pharma,0.06732686589447426,1.4333500044129326,change1_quality,2013-01-31,-0.17368421052631577,BUY,ZEAL,ZEAL,Zealand Pharma,0.06732686589447426,1.4333500044129326,change2_value,2013-01-31,-0.17368421052631577,BUY,ZEAL,ZEAL,Zealand Pharma,0.06732686589447426,1.4333500044129326,v2,2013-01-31,-0.17368421052631577
BUY,PNDORA,PNDORA,Pandora,0.05858853083229293,0.4455838348518979,baseline,2013-02,2013-02-28,0.08630253855959169,BUY,PNDORA,PNDORA,Pandora,0.05858853083229293,0.4455838348518979,change1_quality,2013-02-28,0.08630253855959169,BUY,PNDORA,PNDORA,Pandora,0.05858853083229293,0.4455838348518979,change2_value,2013-02-28,0.08630253855959169,BUY,PNDORA,PNDORA,Pandora,0.05858853083229293,0.4455838348518979,v2,2013-02-28,0.08630253855959169
BUY,PNDORA,PNDORA,Pandora,0.05858853083229293,0.4455838348518979,baseline,2013-03,2013-03-28,0.08000010695942583,BUY,PNDORA,PNDORA,Pandora,0.05858853083229293,0.4455838348518979,change1_quality,2013-03-28,0.08000010695942583,BUY,PNDORA,PNDORA,Pandora,0.05858853083229293,0.4455838348518979,change2_value,2013-03-28,0.08000010695942583,BUY,PNDORA,PNDORA,Pandora,0.05858853083229293,0.4455838348518979,v2,2013-03-28,0.08000010695942583
BUY,PNDORA,PNDORA,Pandora,0.05858853083229293,0.4455838348518979,baseline,2013-04,2013-04-30,0.15740715690859264,BUY,PNDORA,PNDORA,Pandora,0.05858853083229293,0.4455838348518979,change1_quality,2013-04-30,0.15740715690859264,BUY,PNDORA,PNDORA,Pandora,0.05858853083229293,0.4455838348518979,change2_value,2013-04-30,0.15740715690859264,BUY,PNDORA,PNDORA,Pandora,0.05858853083229293,0.4455838348518979,v2,2013-04-30,0.15740715690859264
BUY,PNDORA,PNDORA,Pandora,0.05858853083229293,0.4455838348518979,baseline,2013-05,2013-05-31,-0.028999990817140886,BUY,PNDORA,PNDORA,Pandora,0.05858853083229293,0.4455838348518979,change1_quality,2013-05-31,-0.028999990817140886,BUY,PNDORA,PNDORA,Pandora,0.05858853083229293,0.4455838348518979,change2_value,2013-05-31,-0.028999990817140886,BUY,PNDORA,PNDORA,Pandora,0.05858853083229293,0.4455838348518979,v2,2013-05-31,-0.028999990817140886
BUY,PNDORA,PNDORA,Pandora,0.05858853083229293,0.4455838348518979,baseline,2013-06,2013-06-28,0.15190523798454691,BUY,PNDORA,PNDORA,Pandora,0.05858853083229293,0.4455838348518979,change1_quality,2013-06-28,0.15190523798454691,BUY,PNDORA,PNDORA,Pandora,0.05858853083229293,0.4455838348518979,change2_value,2013-06-28,0.15190523798454691,BUY,PNDORA,PNDORA,Pandora,0.05858853083229293,0.4455838348518979,v2,2013-06-28,0.15190523798454691
BUY,PNDORA,PNDORA,Pandora,0.05858853083229293,0.4455838348518979,baseline,2013-07,2013-07-31,-0.09164050824981396,BUY,PNDORA,PNDORA,Pandora,0.05858853083229293,0.4455838348518979,change1_quality,2013-07-31,-0.09164050824981396,BUY,PNDORA,PNDORA,Pandora,0.05858853083229293,0.4455838348518979,change2_value,2013-07-31,-0.09164050824981396,BUY,PNDORA,PNDORA,Pandora,0.05858853083229293,0.4455838348518979,v2,2013-07-31,-0.09164050824981396
BUY,PNDORA,PNDORA,Pandora,0.05858853083229293,0.4455838348518979,baseline,2013-08,2013-08-30,0.12057102818885257,BUY,PNDORA,PNDORA,Pandora,0.05858853083229293,0.4455838348518979,change1_quality,2013-08-30,0.12057102818885257,BUY,PNDORA,PNDORA,Pandora,0.05858853083229293,0.4455838348518979,change2_value,2013-08-30,0.12057102818885257,BUY,PNDORA,PNDORA,Pandora,0.05858853083229293,0.4455838348518979,v2,2013-08-30,0.12057102818885257
BUY,PNDORA,PNDORA,Pandora,0.05858853083229293,0.4455838348518979,baseline,2013-09,2013-09-30,0.1501975650599019,BUY,PNDORA,PNDORA,Pandora,0.05858853083229293,0.4455838348518979,change1_quality,2013-09-30,0.1501975650599019,BUY,PNDORA,PNDORA,Pandora,0.05858853083229293,0.4455838348518979,change2_value,2013-09-30,0.1501975650599019,BUY,PNDORA,PNDORA,Pandora,0.05858853083229293,0.4455838348518979,v2,2013-09-30,0.1501975650599019
BUY,PNDORA,PNDORA,Pandora,0.05858853083229293,0.4455838348518979,baseline,2013-10,2013-10-31,0.08743771931467226,BUY,PNDORA,PNDORA,Pandora,0.05858853083229293,0.4455838348518979,change1_quality,2013-10-31,0.08743771931467226,BUY,PNDORA,PNDORA,Pandora,0.05858853083229293,0.4455838348518979,change2_value,2013-10-31,0.08743771931467226,BUY,PNDORA,PNDORA,Pandora,0.05858853083229293,0.4455838348518979,v2,2013-10-31,0.08743771931467226
BUY,PNDORA,PNDORA,Pandora,0.05858853083229293,0.4455838348518979,baseline,2013-11,2013-11-29,0.03230356901294984,BUY,PNDORA,PNDORA,Pandora,0.05858853083229293,0.4455838348518979,change1_quality,2013-11-29,0.03230356901294984,BUY,PNDORA,PNDORA,Pandora,0.05858853083229293,0.4455838348518979,change2_value,2013-11-29,0.03230356901294984,BUY,PNDORA,PNDORA,Pandora,0.05858853083229293,0.4455838348518979,v2,2013-11-29,0.03230356901294984
BUY,PNDORA,PNDORA,Pandora,0.05858853083229293,0.4455838348518979,baseline,2013-12,2013-12-30,0.07721082481171804,BUY,PNDORA,PNDORA,Pandora,0.05858853083229293,0.4455838348518979,change1_quality,2013-12-30,0.07721082481171804,BUY,PNDORA,PNDORA,Pandora,0.05858853083229293,0.4455838348518979,change2_value,2013-12-30,0.07721082481171804,BUY,PNDORA,PNDORA,Pandora,0.05858853083229293,0.4455838348518979,v2,2013-12-30,0.07721082481171804
BUY,ZEAL,ZEAL,Zealand Pharma,0.06732686589447426,1.4333500044129326,baseline,2014-01,2014-01-31,0.027210884353741527,BUY,ZEAL,ZEAL,Zealand Pharma,0.06732686589447426,1.4333500044129326,change1_quality,2014-01-31,0.027210884353741527,BUY,ZEAL,ZEAL,Zealand Pharma,0.06732686589447426,1.4333500044129326,change2_value,2014-01-31,0.027210884353741527,BUY,ZEAL,ZEAL,Zealand Pharma,0.06732686589447426,1.4333500044129326,v2,2014-01-31,0.027210884353741527
BUY,ZEAL,ZEAL,Zealand Pharma,0.06732686589447426,1.4333500044129326,baseline,2014-02,2014-02-28,-0.08609271523178808,BUY,ZEAL,ZEAL,Zealand Pharma,0.06732686589447426,1.4333500044129326,change1_quality,2014-02-28,-0.08609271523178808,BUY,ZEAL,ZEAL,Zealand Pharma,0.06732686589447426,1.4333500044129326,change2_value,2014-02-28,-0.08609271523178808,BUY,ZEAL,ZEAL,Zealand Pharma,0.06732686589447426,1.4333500044129326,v2,2014-02-28,-0.08609271523178808
BUY,ZEAL,ZEAL,Zealand Pharma,0.06732686589447426,1.4333500044129326,baseline,2014-03,2014-03-31,-0.036231884057971064,BUY,ZEAL,ZEAL,Zealand Pharma,0.06732686589447426,1.4333500044129326,change1_quality,2014-03-31,-0.036231884057971064,BUY,ZEAL,ZEAL,Zealand Pharma,0.06732686589447426,1.4333500044129326,change2_value,2014-03-31,-0.036231884057971064,BUY,ZEAL,ZEAL,Zealand Pharma,0.06732686589447426,1.4333500044129326,v2,2014-03-31,-0.036231884057971064
BUY,PNDORA,PNDORA,Pandora,0.05858853083229293,0.4455838348518979,baseline,2014-04,2014-04-30,0.11688329187584134,BUY,PNDORA,PNDORA,Pandora,0.05858853083229293,0.4455838348518979,change1_quality,2014-04-30,0.11688329187584134,BUY,PNDORA,PNDORA,Pandora,0.05858853083229293,0.4455838348518979,change2_value,2014-04-30,0.11688329187584134,BUY,PNDORA,PNDORA,Pandora,0.05858853083229293,0.4455838348518979,v2,2014-04-30,0.11688329187584134
BUY,PNDORA,PNDORA,Pandora,0.05858853083229293,0.4455838348518979,baseline,2014-05,2014-05-30,0.031419752742225526,BUY,PNDORA,PNDORA,Pandora,0.05858853083229293,0.4455838348518979,change1_quality,2014-05-30,0.031419752742225526,BUY,PNDORA,PNDORA,Pandora,0.05858853083229293,0.4455838348518979,change2_value,2014-05-30,0.031419752742225526,BUY,PNDORA,PNDORA,Pandora,0.05858853083229293,0.4455838348518979,v2,2014-05-30,0.031419752742225526
BUY,ZEAL,ZEAL,Zealand Pharma,0.06732686589447426,1.4333500044129326,baseline,2014-06,2014-06-30,0.02127659574468077,BUY,ZEAL,ZEAL,Zealand Pharma,0.06732686589447426,1.4333500044129326,change1_quality,2014-06-30,0.02127659574468077,BUY,ZEAL,ZEAL,Zealand Pharma,0.06732686589447426,1.4333500044129326,change2_value,2014-06-30,0.02127659574468077,BUY,ZEAL,ZEAL,Zealand Pharma,0.06732686589447426,1.4333500044129326,v2,2014-06-30,0.02127659574468077
BUY,ZEAL,ZEAL,Zealand Pharma,0.06732686589447426,1.4333500044129326,baseline,2014-07,2014-07-31,-0.01388888888888884,BUY,ZEAL,ZEAL,Zealand Pharma,0.06732686589447426,1.4333500044129326,change1_quality,2014-07-31,-0.01388888888888884,BUY,ZEAL,ZEAL,Zealand Pharma,0.06732686589447426,1.4333500044129326,change2_value,2014-07-31,-0.01388888888888884,BUY,ZEAL,ZEAL,Zealand Pharma,0.06732686589447426,1.4333500044129326,v2,2014-07-31,-0.01388888888888884
BUY,ZEAL,ZEAL,Zealand Pharma,0.06732686589447426,1.4333500044129326,baseline,2014-08,2014-08-29,-0.028169014084507005,BUY,ZEAL,ZEAL,Zealand Pharma,0.06732686589447426,1.4333500044129326,change1_quality,2014-08-29,-0.028169014084507005,BUY,ZEAL,ZEAL,Zealand Pharma,0.06732686589447426,1.4333500044129326,change2_value,2014-08-29,-0.028169014084507005,BUY,ZEAL,ZEAL,Zealand Pharma,0.06732686589447426,1.4333500044129326,v2,2014-08-29,-0.028169014084507005
BUY,ZEAL,ZEAL,Zealand Pharma,0.06732686589447426,1.4333500044129326,baseline,2014-09,2014-09-30,-0.01449275362318836,BUY,ZEAL,ZEAL,Zealand Pharma,0.06732686589447426,1.4333500044129326,change1_quality,2014-09-30,-0.01449275362318836,BUY,ZEAL,ZEAL,Zealand Pharma,0.06732686589447426,1.4333500044129326,change2_value,2014-09-30,-0.01449275362318836,BUY,ZEAL,ZEAL,Zealand Pharma,0.06732686589447426,1.4333500044129326,v2,2014-09-30,-0.01449275362318836
BUY,PNDORA,PNDORA,Pandora,0.05858853083229293,0.4455838348518979,baseline,2014-10,2014-10-31,0.062000199645587895,BUY,PNDORA,PNDORA,Pandora,0.05858853083229293,0.4455838348518979,change1_quality,2014-10-31,0.062000199645587895,BUY,PNDORA,PNDORA,Pandora,0.05858853083229293,0.4455838348518979,change2_value,2014-10-31,0.062000199645587895,BUY,PNDORA,PNDORA,Pandora,0.05858853083229293,0.4455838348518979,v2,2014-10-31,0.062000199645587895
BUY,PNDORA,PNDORA,Pandora,0.05858853083229293,0.4455838348518979,baseline,2014-11,2014-11-28,-0.049905831283461155,BUY,PNDORA,PNDORA,Pandora,0.05858853083229293,0.4455838348518979,change1_quality,2014-11-28,-0.049905831283461155,BUY,PNDORA,PNDORA,Pandora,0.05858853083229293,0.4455838348518979,change2_value,2014-11-28,-0.049905831283461155,BUY,PNDORA,PNDORA,Pandora,0.05858853083229293,0.4455838348518979,v2,2014-11-28,-0.049905831283461155
BUY,ZEAL,ZEAL,Zealand Pharma,0.06732686589447426,1.4333500044129326,baseline,2014-12,2014-12-30,0.030120481927710774,BUY,ZEAL,ZEAL,Zealand Pharma,0.06732686589447426,1.4333500044129326,change1_quality,2014-12-30,0.030120481927710774,BUY,ZEAL,ZEAL,Zealand Pharma,0.06732686589447426,1.4333500044129326,change2_value,2014-12-30,0.030120481927710774,BUY,ZEAL,ZEAL,Zealand Pharma,0.06732686589447426,1.4333500044129326,v2,2014-12-30,0.030120481927710774
BUY,ZEAL,ZEAL,Zealand Pharma,0.06732686589447426,1.4333500044129326,baseline,2015-01,2015-01-30,-0.03508771929824561,BUY,ZEAL,ZEAL,Zealand Pharma,0.06732686589447426,1.4333500044129326,change1_quality,2015-01-30,-0.03508771929824561,BUY,ZEAL,ZEAL,Zealand Pharma,0.06732686589447426,1.4333500044129326,change2_value,2015-01-30,-0.03508771929824561,BUY,ZEAL,ZEAL,Zealand Pharma,0.06732686589447426,1.4333500044129326,v2,2015-01-30,-0.03508771929824561
BUY,ZEAL,ZEAL,Zealand Pharma,0.06732686589447426,1.4333500044129326,baseline,2015-02,2015-02-27,0.2606060606060605,BUY,ZEAL,ZEAL,Zealand Pharma,0.06732686589447426,1.4333500044129326,change1_quality,2015-02-27,0.2606060606060605,BUY,ZEAL,ZEAL,Zealand Pharma,0.06732686589447426,1.4333500044129326,change2_value,2015-02-27,0.2606060606060605,BUY,ZEAL,ZEAL,Zealand Pharma,0.06732686589447426,1.4333500044129326,v2,2015-02-27,0.2606060606060605
BUY,ZEAL,ZEAL,Zealand Pharma,0.06732686589447426,1.4333500044129326,baseline,2015-03,2015-03-31,-0.12019230769230771,BUY,ZEAL,ZEAL,Zealand Pharma,0.06732686589447426,1.4333500044129326,change1_quality,2015-03-31,-0.12019230769230771,BUY,ZEAL,ZEAL,Zealand Pharma,0.06732686589447426,1.4333500044129326,change2_value,2015-03-31,-0.12019230769230771,BUY,ZEAL,ZEAL,Zealand Pharma,0.06732686589447426,1.4333500044129326,v2,2015-03-31,-0.12019230769230771
BUY,ZEAL,ZEAL,Zealand Pharma,0.06732686589447426,1.4333500044129326,baseline,2015-04,2015-04-30,0.180327868852459,BUY,ZEAL,ZEAL,Zealand Pharma,0.06732686589447426,1.4333500044129326,change1_quality,2015-04-30,0.180327868852459,BUY,ZEAL,ZEAL,Zealand Pharma,0.06732686589447426,1.4333500044129326,change2_value,2015-04-30,0.180327868852459,BUY,ZEAL,ZEAL,Zealand Pharma,0.06732686589447426,1.4333500044129326,v2,2015-04-30,0.180327868852459
BUY,ZEAL,ZEAL,Zealand Pharma,0.06732686589447426,1.4333500044129326,baseline,2015-05,2015-05-29,0.02314814814814814,BUY,ZEAL,ZEAL,Zealand Pharma,0.06732686589447426,1.4333500044129326,change1_quality,2015-05-29,0.02314814814814814,BUY,ZEAL,ZEAL,Zealand Pharma,0.06732686589447426,1.4333500044129326,change2_value,2015-05-29,0.02314814814814814,BUY,ZEAL,ZEAL,Zealand Pharma,0.06732686589447426,1.4333500044129326,v2,2015-05-29,0.02314814814814814
BUY,ZEAL,ZEAL,Zealand Pharma,0.06732686589447426,1.4333500044129326,baseline,2015-06,2015-06-30,0.34389140271493224,BUY,ZEAL,ZEAL,Zealand Pharma,0.06732686589447426,1.4333500044129326,change1_quality,2015-06-30,0.34389140271493224,BUY,ZEAL,ZEAL,Zealand Pharma,0.06732686589447426,1.4333500044129326,change2_value,2015-06-30,0.34389140271493224,BUY,ZEAL,ZEAL,Zealand Pharma,0.06732686589447426,1.4333500044129326,v2,2015-06-30,0.34389140271493224
BUY,ZEAL,ZEAL,Zealand Pharma,0.06732686589447426,1.4333500044129326,baseline,2015-07,2015-07-31,-0.11447811447811451,BUY,ZEAL,ZEAL,Zealand Pharma,0.06732686589447426,1.4333500044129326,change1_quality,2015-07-31,-0.11447811447811451,BUY,ZEAL,ZEAL,Zealand Pharma,0.06732686589447426,1.4333500044129326,change2_value,2015-07-31,-0.11447811447811451,BUY,ZEAL,ZEAL,Zealand Pharma,0.06732686589447426,1.4333500044129326,v2,2015-07-31,-0.11447811447811451
BUY,ZEAL,ZEAL,Zealand Pharma,0.06732686589447426,1.4333500044129326,baseline,2015-08,2015-08-31,0.11406844106463887,BUY,ZEAL,ZEAL,Zealand Pharma,0.06732686589447426,1.4333500044129326,change1_quality,2015-08-31,0.11406844106463887,BUY,ZEAL,ZEAL,Zealand Pharma,0.06732686589447426,1.4333500044129326,change2_value,2015-08-31,0.11406844106463887,BUY,ZEAL,ZEAL,Zealand Pharma,0.06732686589447426,1.4333500044129326,v2,2015-08-31,0.11406844106463887
BUY,ZEAL,ZEAL,Zealand Pharma,0.06732686589447426,1.4333500044129326,baseline,2015-09,2015-09-30,0.03412969283276457,BUY,ZEAL,ZEAL,Zealand Pharma,0.06732686589447426,1.4333500044129326,change1_quality,2015-09-30,0.03412969283276457,BUY,ZEAL,ZEAL,Zealand Pharma,0.06732686589447426,1.4333500044129326,change2_value,2015-09-30,0.03412969283276457,BUY,ZEAL,ZEAL,Zealand Pharma,0.06732686589447426,1.4333500044129326,v2,2015-09-30,0.03412969283276457
BUY,ZEAL,ZEAL,Zealand Pharma,0.06732686589447426,1.4333500044129326,baseline,2015-10,2015-10-30,-0.0066006600660065695,BUY,ZEAL,ZEAL,Zealand Pharma,0.06732686589447426,1.4333500044129326,change1_quality,2015-10-30,-0.0066006600660065695,BUY,ZEAL,ZEAL,Zealand Pharma,0.06732686589447426,1.4333500044129326,change2_value,2015-10-30,-0.0066006600660065695,BUY,ZEAL,ZEAL,Zealand Pharma,0.06732686589447426,1.4333500044129326,v2,2015-10-30,-0.0066006600660065695
BUY,ZEAL,ZEAL,Zealand Pharma,0.06732686589447426,1.4333500044129326,baseline,2015-11,2015-11-30,0.006644518272425293,BUY,ZEAL,ZEAL,Zealand Pharma,0.06732686589447426,1.4333500044129326,change1_quality,2015-11-30,0.006644518272425293,BUY,ZEAL,ZEAL,Zealand Pharma,0.06732686589447426,1.4333500044129326,change2_value,2015-11-30,0.006644518272425293,BUY,ZEAL,ZEAL,Zealand Pharma,0.06732686589447426,1.4333500044129326,v2,2015-11-30,0.006644518272425293
BUY,ZEAL,ZEAL,Zealand Pharma,0.06732686589447426,1.4333500044129326,baseline,2015-12,2015-12-30,-0.16501650165016502,BUY,ZEAL,ZEAL,Zealand Pharma,0.06732686589447426,1.4333500044129326,change1_quality,2015-12-30,-0.16501650165016502,BUY,ZEAL,ZEAL,Zealand Pharma,0.06732686589447426,1.4333500044129326,change2_value,2015-12-30,-0.16501650165016502,BUY,ZEAL,ZEAL,Zealand Pharma,0.06732686589447426,1.4333500044129326,v2,2015-12-30,-0.16501650165016502
BUY,PNDORA,PNDORA,Pandora,0.05858853083229293,0.4455838348518979,baseline,2016-01,2016-01-29,-0.05234449036859512,BUY,PNDORA,PNDORA,Pandora,0.05858853083229293,0.4455838348518979,change1_quality,2016-01-29,-0.05234449036859512,BUY,PNDORA,PNDORA,Pandora,0.05858853083229293,0.4455838348518979,change2_value,2016-01-29,-0.05234449036859512,BUY,PNDORA,PNDORA,Pandora,0.05858853083229293,0.4455838348518979,v2,2016-01-29,-0.05234449036859512
BUY,PNDORA,PNDORA,Pandora,0.05858853083229293,0.4455838348518979,baseline,2016-02,2016-02-29,0.0017349986966601616,BUY,PNDORA,PNDORA,Pandora,0.05858853083229293,0.4455838348518979,change1_quality,2016-02-29,0.0017349986966601616,BUY,PNDORA,PNDORA,Pandora,0.05858853083229293,0.4455838348518979,change2_value,2016-02-29,0.0017349986966601616,BUY,PNDORA,PNDORA,Pandora,0.05858853083229293,0.4455838348518979,v2,2016-02-29,0.0017349986966601616
BUY,PNDORA,PNDORA,Pandora,0.05858853083229293,0.4455838348518979,baseline,2016-03,2016-03-31,-0.015743794810234468,BUY,PNDORA,PNDORA,Pandora,0.05858853083229293,0.4455838348518979,change1_quality,2016-03-31,-0.015743794810234468,BUY,PNDORA,PNDORA,Pandora,0.05858853083229293,0.4455838348518979,change2_value,2016-03-31,-0.015743794810234468,BUY,PNDORA,PNDORA,Pandora,0.05858853083229293,0.4455838348518979,v2,2016-03-31,-0.015743794810234468
BUY,PNDORA,PNDORA,Pandora,0.05858853083229293,0.4455838348518979,baseline,2016-04,2016-04-29,0.17713287982073145,BUY,PNDORA,PNDORA,Pandora,0.05858853083229293,0.4455838348518979,change1_quality,2016-04-29,0.17713287982073145,BUY,PNDORA,PNDORA,Pandora,0.05858853083229293,0.4455838348518979,change2_value,2016-04-29,0.17713287982073145,BUY,PNDORA,PNDORA,Pandora,0.05858853083229293,0.4455838348518979,v2,2016-04-29,0.17713287982073145
BUY,PNDORA,PNDORA,Pandora,0.05858853083229293,0.4455838348518979,baseline,2016-05,2016-05-31,-0.08706581691336812,BUY,PNDORA,PNDORA,Pandora,0.05858853083229293,0.4455838348518979,change1_quality,2016-05-31,-0.08706581691336812,BUY,PNDORA,PNDORA,Pandora,0.05858853083229293,0.4455838348518979,change2_value,2016-05-31,-0.08706581691336812,BUY,PNDORA,PNDORA,Pandora,0.05858853083229293,0.4455838348518979,v2,2016-05-31,-0.08706581691336812
BUY,PNDORA,PNDORA,Pandora,0.05858853083229293,0.4455838348518979,baseline,2016-06,2016-06-30,-0.04520388993258928,BUY,PNDORA,PNDORA,Pandora,0.05858853083229293,0.4455838348518979,change1_quality,2016-06-30,-0.04520388993258928,BUY,PNDORA,PNDORA,Pandora,0.05858853083229293,0.4455838348518979,change2_value,2016-06-30,-0.04520388993258928,BUY,PNDORA,PNDORA,Pandora,0.05858853083229293,0.4455838348518979,v2,2016-06-30,-0.04520388993258928
BUY,PNDORA,PNDORA,Pandora,0.05858853083229293,0.4455838348518979,baseline,2016-07,2016-07-29,-0.041570548477417146,BUY,PNDORA,PNDORA,Pandora,0.05858853083229293,0.4455838348518979,change1_quality,2016-07-29,-0.041570548477417146,BUY,PNDORA,PNDORA,Pandora,0.05858853083229293,0.4455838348518979,change2_value,2016-07-29,-0.041570548477417146,BUY,PNDORA,PNDORA,Pandora,0.05858853083229293,0.4455838348518979,v2,2016-07-29,-0.041570548477417146
BUY,ISS,ISS,ISS,0.05519494097384507,0.4924576619327887,baseline,2016-08,2016-08-31,0.018134748757168584,BUY,ISS,ISS,ISS,0.05519494097384507,0.4924576619327887,change1_quality,2016-08-31,0.018134748757168584,BUY,ISS,ISS,ISS,0.05519494097384507,0.4924576619327887,change2_value,2016-08-31,0.018134748757168584,BUY,ISS,ISS,ISS,0.05519494097384507,0.4924576619327887,v2,2016-08-31,0.018134748757168584
BUY,ISS,ISS,ISS,0.05519494097384507,0.4924576619327887,baseline,2016-09,2016-09-30,-0.03162493895044405,BUY,ISS,ISS,ISS,0.05519494097384507,0.4924576619327887,change1_quality,2016-09-30,-0.03162493895044405,BUY,ISS,ISS,ISS,0.05519494097384507,0.4924576619327887,change2_value,2016-09-30,-0.03162493895044405,BUY,ISS,ISS,ISS,0.05519494097384507,0.4924576619327887,v2,2016-09-30,-0.03162493895044405
BUY,PNDORA,PNDORA,Pandora,0.05858853083229293,0.4455838348518979,baseline,2016-10,2016-10-31,-0.052721229705354755,BUY,PNDORA,PNDORA,Pandora,0.05858853083229293,0.4455838348518979,change1_quality,2016-10-31,-0.052721229705354755,BUY,PNDORA,PNDORA,Pandora,0.05858853083229293,0.4455838348518979,change2_value,2016-10-31,-0.052721229705354755,BUY,PNDORA,PNDORA,Pandora,0.05858853083229293,0.4455838348518979,v2,2016-10-31,-0.052721229705354755
BUY,ORK,ORK,Orkla,0.05326021148783191,0.4891010054086755,baseline,2016-11,2016-11-30,0.030302877338789447,BUY,ORK,ORK,Orkla,0.05326021148783191,0.4891010054086755,change1_quality,2016-11-30,0.030302877338789447,CASH,CASH,CASH,CASH,,,change2_value,2016-11-30,0.0,CASH,CASH,CASH,CASH,,,v2,2016-11-30,0.0
BUY,PNDORA,PNDORA,Pandora,0.05858853083229293,0.4455838348518979,baseline,2016-12,2016-12-30,-0.0243506036490565,BUY,PNDORA,PNDORA,Pandora,0.05858853083229293,0.4455838348518979,change1_quality,2016-12-30,-0.0243506036490565,BUY,PNDORA,PNDORA,Pandora,0.05858853083229293,0.4455838348518979,change2_value,2016-12-30,-0.0243506036490565,BUY,PNDORA,PNDORA,Pandora,0.05858853083229293,0.4455838348518979,v2,2016-12-30,-0.0243506036490565
BUY,ZEAL,ZEAL,Zealand Pharma,0.06732686589447426,1.4333500044129326,baseline,2017-01,2017-01-31,-0.012875536480686733,BUY,ZEAL,ZEAL,Zealand Pharma,0.06732686589447426,1.4333500044129326,change1_quality,2017-01-31,-0.012875536480686733,BUY,ZEAL,ZEAL,Zealand Pharma,0.06732686589447426,1.4333500044129326,change2_value,2017-01-31,-0.012875536480686733,BUY,ZEAL,ZEAL,Zealand Pharma,0.06732686589447426,1.4333500044129326,v2,2017-01-31,-0.012875536480686733
BUY,ZEAL,ZEAL,Zealand Pharma,0.06732686589447426,1.4333500044129326,baseline,2017-02,2017-02-28,-0.021739130434782594,BUY,ZEAL,ZEAL,Zealand Pharma,0.06732686589447426,1.4333500044129326,change1_quality,2017-02-28,-0.021739130434782594,BUY,ZEAL,ZEAL,Zealand Pharma,0.06732686589447426,1.4333500044129326,change2_value,2017-02-28,-0.021739130434782594,BUY,ZEAL,ZEAL,Zealand Pharma,0.06732686589447426,1.4333500044129326,v2,2017-02-28,-0.021739130434782594
BUY,ISS,ISS,ISS,0.05519494097384507,0.4924576619327887,baseline,2017-03,2017-03-31,0.07394779631399495,BUY,ISS,ISS,ISS,0.05519494097384507,0.4924576619327887,change1_quality,2017-03-31,0.07394779631399495,BUY,ISS,ISS,ISS,0.05519494097384507,0.4924576619327887,change2_value,2017-03-31,0.07394779631399495,BUY,ISS,ISS,ISS,0.05519494097384507,0.4924576619327887,v2,2017-03-31,0.07394779631399495
BUY,ZEAL,ZEAL,Zealand Pharma,0.06732686589447426,1.4333500044129326,baseline,2017-04,2017-04-28,-0.024590163934426257,BUY,ZEAL,ZEAL,Zealand Pharma,0.06732686589447426,1.4333500044129326,change1_quality,2017-04-28,-0.024590163934426257,BUY,ZEAL,ZEAL,Zealand Pharma,0.06732686589447426,1.4333500044129326,change2_value,2017-04-28,-0.024590163934426257,BUY,ZEAL,ZEAL,Zealand Pharma,0.06732686589447426,1.4333500044129326,v2,2017-04-28,-0.024590163934426257
BUY,ZEAL,ZEAL,Zealand Pharma,0.06732686589447426,1.4333500044129326,baseline,2017-05,2017-05-31,0.09663865546218497,BUY,ZEAL,ZEAL,Zealand Pharma,0.06732686589447426,1.4333500044129326,change1_quality,2017-05-31,0.09663865546218497,BUY,ZEAL,ZEAL,Zealand Pharma,0.06732686589447426,1.4333500044129326,change2_value,2017-05-31,0.09663865546218497,BUY,ZEAL,ZEAL,Zealand Pharma,0.06732686589447426,1.4333500044129326,v2,2017-05-31,0.09663865546218497
BUY,ZEAL,ZEAL,Zealand Pharma,0.06732686589447426,1.4333500044129326,baseline,2017-06,2017-06-30,-0.04214559386973182,BUY,ZEAL,ZEAL,Zealand Pharma,0.06732686589447426,1.4333500044129326,change1_quality,2017-06-30,-0.04214559386973182,BUY,ZEAL,ZEAL,Zealand Pharma,0.06732686589447426,1.4333500044129326,change2_value,2017-06-30,-0.04214559386973182,BUY,ZEAL,ZEAL,Zealand Pharma,0.06732686589447426,1.4333500044129326,v2,2017-06-30,-0.04214559386973182
BUY,ZEAL,ZEAL,Zealand Pharma,0.06732686589447426,1.4333500044129326,baseline,2017-07,2017-07-31,-0.04800000000000004,BUY,ZEAL,ZEAL,Zealand Pharma,0.06732686589447426,1.4333500044129326,change1_quality,2017-07-31,-0.04800000000000004,BUY,ZEAL,ZEAL,Zealand Pharma,0.06732686589447426,1.4333500044129326,change2_value,2017-07-31,-0.04800000000000004,BUY,ZEAL,ZEAL,Zealand Pharma,0.06732686589447426,1.4333500044129326,v2,2017-07-31,-0.04800000000000004
BUY,ZEAL,ZEAL,Zealand Pharma,0.06732686589447426,1.4333500044129326,baseline,2017-08,2017-08-31,0.021008403361344463,BUY,ZEAL,ZEAL,Zealand Pharma,0.06732686589447426,1.4333500044129326,change1_quality,2017-08-31,0.021008403361344463,BUY,ZEAL,ZEAL,Zealand Pharma,0.06732686589447426,1.4333500044129326,change2_value,2017-08-31,0.021008403361344463,BUY,ZEAL,ZEAL,Zealand Pharma,0.06732686589447426,1.4333500044129326,v2,2017-08-31,0.021008403361344463
BUY,ZEAL,ZEAL,Zealand Pharma,0.06732686589447426,1.4333500044129326,baseline,2017-09,2017-09-29,-0.028806584362139898,BUY,ZEAL,ZEAL,Zealand Pharma,0.06732686589447426,1.4333500044129326,change1_quality,2017-09-29,-0.028806584362139898,BUY,ZEAL,ZEAL,Zealand Pharma,0.06732686589447426,1.4333500044129326,change2_value,2017-09-29,-0.028806584362139898,BUY,ZEAL,ZEAL,Zealand Pharma,0.06732686589447426,1.4333500044129326,v2,2017-09-29,-0.028806584362139898
BUY,ISS,ISS,ISS,0.05519494097384507,0.4924576619327887,baseline,2017-10,2017-10-31,-0.12573959794991485,BUY,ISS,ISS,ISS,0.05519494097384507,0.4924576619327887,change1_quality,2017-10-31,-0.12573959794991485,BUY,ISS,ISS,ISS,0.05519494097384507,0.4924576619327887,change2_value,2017-10-31,-0.12573959794991485,BUY,ISS,ISS,ISS,0.05519494097384507,0.4924576619327887,v2,2017-10-31,-0.12573959794991485
BUY,ORK,ORK,Orkla,0.05326021148783191,0.4891010054086755,baseline,2017-11,2017-11-30,0.04376488640766496,BUY,ORK,ORK,Orkla,0.05326021148783191,0.4891010054086755,change1_quality,2017-11-30,0.04376488640766496,CASH,CASH,CASH,CASH,,,change2_value,2017-11-30,0.0,CASH,CASH,CASH,CASH,,,v2,2017-11-30,0.0
BUY,PNDORA,PNDORA,Pandora,0.05858853083229293,0.4455838348518979,baseline,2017-12,2017-12-29,-0.15854900898881719,BUY,PNDORA,PNDORA,Pandora,0.05858853083229293,0.4455838348518979,change1_quality,2017-12-29,-0.15854900898881719,BUY,PNDORA,PNDORA,Pandora,0.05858853083229293,0.4455838348518979,change2_value,2017-12-29,-0.15854900898881719,BUY,PNDORA,PNDORA,Pandora,0.05858853083229293,0.4455838348518979,v2,2017-12-29,-0.15854900898881719
BUY,TELIA,TELIA,Telia Company,0.054014206666448905,1.492506492051883,baseline,2018-01,2018-01-31,-0.005562393289416212,BUY,TELIA,TELIA,Telia Company,0.054014206666448905,1.492506492051883,change1_quality,2018-01-31,-0.005562393289416212,CASH,CASH,CASH,CASH,,,change2_value,2018-01-31,0.0,CASH,CASH,CASH,CASH,,,v2,2018-01-31,0.0
BUY,PNDORA,PNDORA,Pandora,0.05858853083229293,0.4455838348518979,baseline,2018-02,2018-02-28,0.03087957454834589,BUY,PNDORA,PNDORA,Pandora,0.05858853083229293,0.4455838348518979,change1_quality,2018-02-28,0.03087957454834589,BUY,PNDORA,PNDORA,Pandora,0.05858853083229293,0.4455838348518979,change2_value,2018-02-28,0.03087957454834589,BUY,PNDORA,PNDORA,Pandora,0.05858853083229293,0.4455838348518979,v2,2018-02-28,0.03087957454834589
BUY,PNDORA,PNDORA,Pandora,0.05858853083229293,0.4455838348518979,baseline,2018-03,2018-03-29,0.057864132568843596,BUY,PNDORA,PNDORA,Pandora,0.05858853083229293,0.4455838348518979,change1_quality,2018-03-29,0.057864132568843596,BUY,PNDORA,PNDORA,Pandora,0.05858853083229293,0.4455838348518979,change2_value,2018-03-29,0.057864132568843596,BUY,PNDORA,PNDORA,Pandora,0.05858853083229293,0.4455838348518979,v2,2018-03-29,0.057864132568843596
BUY,PNDORA,PNDORA,Pandora,0.05858853083229293,0.4455838348518979,baseline,2018-04,2018-04-30,-0.2708759351422264,BUY,PNDORA,PNDORA,Pandora,0.05858853083229293,0.4455838348518979,change1_quality,2018-04-30,-0.2708759351422264,BUY,PNDORA,PNDORA,Pandora,0.05858853083229293,0.4455838348518979,change2_value,2018-04-30,-0.2708759351422264,BUY,PNDORA,PNDORA,Pandora,0.05858853083229293,0.4455838348518979,v2,2018-04-30,-0.2708759351422264
BUY,TELIA,TELIA,Telia Company,0.054014206666448905,1.492506492051883,baseline,2018-05,2018-05-31,-0.009192107141060668,BUY,TELIA,TELIA,Telia Company,0.054014206666448905,1.492506492051883,change1_quality,2018-05-31,-0.009192107141060668,CASH,CASH,CASH,CASH,,,change2_value,2018-05-31,0.0,CASH,CASH,CASH,CASH,,,v2,2018-05-31,0.0
BUY,TELIA,TELIA,Telia Company,0.054014206666448905,1.492506492051883,baseline,2018-06,2018-06-29,0.03271451277762916,BUY,TELIA,TELIA,Telia Company,0.054014206666448905,1.492506492051883,change1_quality,2018-06-29,0.03271451277762916,CASH,CASH,CASH,CASH,,,change2_value,2018-06-29,0.0,CASH,CASH,CASH,CASH,,,v2,2018-06-29,0.0
BUY,ZEAL,ZEAL,Zealand Pharma,0.06732686589447426,1.4333500044129326,baseline,2018-07,2018-07-31,-0.027339626875268697,BUY,ZEAL,ZEAL,Zealand Pharma,0.06732686589447426,1.4333500044129326,change1_quality,2018-07-31,-0.027339626875268697,BUY,ZEAL,ZEAL,Zealand Pharma,0.06732686589447426,1.4333500044129326,change2_value,2018-07-31,-0.027339626875268697,BUY,ZEAL,ZEAL,Zealand Pharma,0.06732686589447426,1.4333500044129326,v2,2018-07-31,-0.027339626875268697
BUY,ISS,ISS,ISS,0.05519494097384507,0.4924576619327887,baseline,2018-08,2018-08-31,0.008028493684838711,BUY,ISS,ISS,ISS,0.05519494097384507,0.4924576619327887,change1_quality,2018-08-31,0.008028493684838711,BUY,ISS,ISS,ISS,0.05519494097384507,0.4924576619327887,change2_value,2018-08-31,0.008028493684838711,BUY,ISS,ISS,ISS,0.05519494097384507,0.4924576619327887,v2,2018-08-31,0.008028493684838711
BUY,ZEAL,ZEAL,Zealand Pharma,0.06732686589447426,1.4333500044129326,baseline,2018-09,2018-09-28,-0.20247144524959226,BUY,ZEAL,ZEAL,Zealand Pharma,0.06732686589447426,1.4333500044129326,change1_quality,2018-09-28,-0.20247144524959226,BUY,ZEAL,ZEAL,Zealand Pharma,0.06732686589447426,1.4333500044129326,change2_value,2018-09-28,-0.20247144524959226,BUY,ZEAL,ZEAL,Zealand Pharma,0.06732686589447426,1.4333500044129326,v2,2018-09-28,-0.20247144524959226
BUY,TELIA,TELIA,Telia Company,0.054014206666448905,1.492506492051883,baseline,2018-10,2018-10-31,0.017692782858096168,BUY,TELIA,TELIA,Telia Company,0.054014206666448905,1.492506492051883,change1_quality,2018-10-31,0.017692782858096168,CASH,CASH,CASH,CASH,,,change2_value,2018-10-31,0.0,CASH,CASH,CASH,CASH,,,v2,2018-10-31,0.0
BUY,TELIA,TELIA,Telia Company,0.054014206666448905,1.492506492051883,baseline,2018-11,2018-11-30,-0.00023824591341692347,BUY,TELIA,TELIA,Telia Company,0.054014206666448905,1.492506492051883,change1_quality,2018-11-30,-0.00023824591341692347,CASH,CASH,CASH,CASH,,,change2_value,2018-11-30,0.0,CASH,CASH,CASH,CASH,,,v2,2018-11-30,0.0
BUY,TELIA,TELIA,Telia Company,0.054014206666448905,1.492506492051883,baseline,2018-12,2018-12-28,-0.06193422720313746,BUY,TELIA,TELIA,Telia Company,0.054014206666448905,1.492506492051883,change1_quality,2018-12-28,-0.06193422720313746,CASH,CASH,CASH,CASH,,,change2_value,2018-12-28,0.0,CASH,CASH,CASH,CASH,,,v2,2018-12-28,0.0
BUY,ZEAL,ZEAL,Zealand Pharma,0.06732686589447426,1.4333500044129326,baseline,2019-01,2019-01-31,0.02757156299023733,BUY,ZEAL,ZEAL,Zealand Pharma,0.06732686589447426,1.4333500044129326,change1_quality,2019-01-31,0.02757156299023733,BUY,ZEAL,ZEAL,Zealand Pharma,0.06732686589447426,1.4333500044129326,change2_value,2019-01-31,0.02757156299023733,BUY,ZEAL,ZEAL,Zealand Pharma,0.06732686589447426,1.4333500044129326,v2,2019-01-31,0.02757156299023733
BUY,ZEAL,ZEAL,Zealand Pharma,0.06732686589447426,1.4333500044129326,baseline,2019-02,2019-02-28,0.22600620413850137,BUY,ZEAL,ZEAL,Zealand Pharma,0.06732686589447426,1.4333500044129326,change1_quality,2019-02-28,0.22600620413850137,BUY,ZEAL,ZEAL,Zealand Pharma,0.06732686589447426,1.4333500044129326,change2_value,2019-02-28,0.22600620413850137,BUY,ZEAL,ZEAL,Zealand Pharma,0.06732686589447426,1.4333500044129326,v2,2019-02-28,0.22600620413850137
BUY,ZEAL,ZEAL,Zealand Pharma,0.06732686589447426,1.4333500044129326,baseline,2019-03,2019-03-29,0.1540404257715804,BUY,ZEAL,ZEAL,Zealand Pharma,0.06732686589447426,1.4333500044129326,change1_quality,2019-03-29,0.1540404257715804,BUY,ZEAL,ZEAL,Zealand Pharma,0.06732686589447426,1.4333500044129326,change2_value,2019-03-29,0.1540404257715804,BUY,ZEAL,ZEAL,Zealand Pharma,0.06732686589447426,1.4333500044129326,v2,2019-03-29,0.1540404257715804
BUY,ZEAL,ZEAL,Zealand Pharma,0.06732686589447426,1.4333500044129326,baseline,2019-04,2019-04-30,0.0014587668806607113,BUY,ZEAL,ZEAL,Zealand Pharma,0.06732686589447426,1.4333500044129326,change1_quality,2019-04-30,0.0014587668806607113,BUY,ZEAL,ZEAL,Zealand Pharma,0.06732686589447426,1.4333500044129326,change2_value,2019-04-30,0.0014587668806607113,BUY,ZEAL,ZEAL,Zealand Pharma,0.06732686589447426,1.4333500044129326,v2,2019-04-30,0.0014587668806607113
BUY,ZEAL,ZEAL,Zealand Pharma,0.06732686589447426,1.4333500044129326,baseline,2019-05,2019-05-31,0.0393298891220617,BUY,ZEAL,ZEAL,Zealand Pharma,0.06732686589447426,1.4333500044129326,change1_quality,2019-05-31,0.0393298891220617,BUY,ZEAL,ZEAL,Zealand Pharma,0.06732686589447426,1.4333500044129326,change2_value,2019-05-31,0.0393298891220617,BUY,ZEAL,ZEAL,Zealand Pharma,0.06732686589447426,1.4333500044129326,v2,2019-05-31,0.0393298891220617
BUY,ZEAL,ZEAL,Zealand Pharma,0.06732686589447426,1.4333500044129326,baseline,2019-06,2019-06-28,0.0644708980027453,BUY,ZEAL,ZEAL,Zealand Pharma,0.06732686589447426,1.4333500044129326,change1_quality,2019-06-28,0.0644708980027453,BUY,ZEAL,ZEAL,Zealand Pharma,0.06732686589447426,1.4333500044129326,change2_value,2019-06-28,0.0644708980027453,BUY,ZEAL,ZEAL,Zealand Pharma,0.06732686589447426,1.4333500044129326,v2,2019-06-28,0.0644708980027453
BUY,ZEAL,ZEAL,Zealand Pharma,0.06732686589447426,1.4333500044129326,baseline,2019-07,2019-07-31,-0.14746540353220383,BUY,ZEAL,ZEAL,Zealand Pharma,0.06732686589447426,1.4333500044129326,change1_quality,2019-07-31,-0.14746540353220383,BUY,ZEAL,ZEAL,Zealand Pharma,0.06732686589447426,1.4333500044129326,change2_value,2019-07-31,-0.14746540353220383,BUY,ZEAL,ZEAL,Zealand Pharma,0.06732686589447426,1.4333500044129326,v2,2019-07-31,-0.14746540353220383
BUY,ZEAL,ZEAL,Zealand Pharma,0.06732686589447426,1.4333500044129326,baseline,2019-08,2019-08-30,0.34671809958675204,BUY,ZEAL,ZEAL,Zealand Pharma,0.06732686589447426,1.4333500044129326,change1_quality,2019-08-30,0.34671809958675204,BUY,ZEAL,ZEAL,Zealand Pharma,0.06732686589447426,1.4333500044129326,change2_value,2019-08-30,0.34671809958675204,BUY,ZEAL,ZEAL,Zealand Pharma,0.06732686589447426,1.4333500044129326,v2,2019-08-30,0.34671809958675204
BUY,ZEAL,ZEAL,Zealand Pharma,0.06732686589447426,1.4333500044129326,baseline,2019-09,2019-09-30,0.14449548789542255,BUY,ZEAL,ZEAL,Zealand Pharma,0.06732686589447426,1.4333500044129326,change1_quality,2019-09-30,0.14449548789542255,BUY,ZEAL,ZEAL,Zealand Pharma,0.06732686589447426,1.4333500044129326,change2_value,2019-09-30,0.14449548789542255,BUY,ZEAL,ZEAL,Zealand Pharma,0.06732686589447426,1.4333500044129326,v2,2019-09-30,0.14449548789542255
BUY,ZEAL,ZEAL,Zealand Pharma,0.06732686589447426,1.4333500044129326,baseline,2019-10,2019-10-31,0.04509017898192069,BUY,ZEAL,ZEAL,Zealand Pharma,0.06732686589447426,1.4333500044129326,change1_quality,2019-10-31,0.04509017898192069,BUY,ZEAL,ZEAL,Zealand Pharma,0.06732686589447426,1.4333500044129326,change2_value,2019-10-31,0.04509017898192069,BUY,ZEAL,ZEAL,Zealand Pharma,0.06732686589447426,1.4333500044129326,v2,2019-10-31,0.04509017898192069
BUY,ZEAL,ZEAL,Zealand Pharma,0.06732686589447426,1.4333500044129326,baseline,2019-11,2019-11-29,0.12847548901637906,BUY,ZEAL,ZEAL,Zealand Pharma,0.06732686589447426,1.4333500044129326,change1_quality,2019-11-29,0.12847548901637906,BUY,ZEAL,ZEAL,Zealand Pharma,0.06732686589447426,1.4333500044129326,change2_value,2019-11-29,0.12847548901637906,BUY,ZEAL,ZEAL,Zealand Pharma,0.06732686589447426,1.4333500044129326,v2,2019-11-29,0.12847548901637906
BUY,ZEAL,ZEAL,Zealand Pharma,0.06732686589447426,1.4333500044129326,baseline,2019-12,2019-12-30,0.0390824657840767,BUY,ZEAL,ZEAL,Zealand Pharma,0.06732686589447426,1.4333500044129326,change1_quality,2019-12-30,0.0390824657840767,BUY,ZEAL,ZEAL,Zealand Pharma,0.06732686589447426,1.4333500044129326,change2_value,2019-12-30,0.0390824657840767,BUY,ZEAL,ZEAL,Zealand Pharma,0.06732686589447426,1.4333500044129326,v2,2019-12-30,0.0390824657840767
BUY,ZEAL,ZEAL,Zealand Pharma,0.06732686589447426,1.4333500044129326,baseline,2020-01,2020-01-31,-0.012264922016111401,BUY,ZEAL,ZEAL,Zealand Pharma,0.06732686589447426,1.4333500044129326,change1_quality,2020-01-31,-0.012264922016111401,BUY,ZEAL,ZEAL,Zealand Pharma,0.06732686589447426,1.4333500044129326,change2_value,2020-01-31,-0.012264922016111401,BUY,ZEAL,ZEAL,Zealand Pharma,0.06732686589447426,1.4333500044129326,v2,2020-01-31,-0.012264922016111401
BUY,ZEAL,ZEAL,Zealand Pharma,0.06732686589447426,1.4333500044129326,baseline,2020-02,2020-02-28,-0.03311258194493727,BUY,ZEAL,ZEAL,Zealand Pharma,0.06732686589447426,1.4333500044129326,change1_quality,2020-02-28,-0.03311258194493727,BUY,ZEAL,ZEAL,Zealand Pharma,0.06732686589447426,1.4333500044129326,change2_value,2020-02-28,-0.03311258194493727,BUY,ZEAL,ZEAL,Zealand Pharma,0.06732686589447426,1.4333500044129326,v2,2020-02-28,-0.03311258194493727
BUY,ZEAL,ZEAL,Zealand Pharma,0.06732686589447426,1.4333500044129326,baseline,2020-03,2020-03-31,0.011130097503398328,BUY,ZEAL,ZEAL,Zealand Pharma,0.06732686589447426,1.4333500044129326,change1_quality,2020-03-31,0.011130097503398328,BUY,ZEAL,ZEAL,Zealand Pharma,0.06732686589447426,1.4333500044129326,change2_value,2020-03-31,0.011130097503398328,BUY,ZEAL,ZEAL,Zealand Pharma,0.06732686589447426,1.4333500044129326,v2,2020-03-31,0.011130097503398328
BUY,ZEAL,ZEAL,Zealand Pharma,0.06732686589447426,1.4333500044129326,baseline,2020-04,2020-04-30,0.1176968815027104,BUY,ZEAL,ZEAL,Zealand Pharma,0.06732686589447426,1.4333500044129326,change1_quality,2020-04-30,0.1176968815027104,BUY,ZEAL,ZEAL,Zealand Pharma,0.06732686589447426,1.4333500044129326,change2_value,2020-04-30,0.1176968815027104,BUY,ZEAL,ZEAL,Zealand Pharma,0.06732686589447426,1.4333500044129326,v2,2020-04-30,0.1176968815027104
BUY,ZEAL,ZEAL,Zealand Pharma,0.06732686589447426,1.4333500044129326,baseline,2020-05,2020-05-29,-0.13863638675574086,BUY,ZEAL,ZEAL,Zealand Pharma,0.06732686589447426,1.4333500044129326,change1_quality,2020-05-29,-0.13863638675574086,BUY,ZEAL,ZEAL,Zealand Pharma,0.06732686589447426,1.4333500044129326,change2_value,2020-05-29,-0.13863638675574086,BUY,ZEAL,ZEAL,Zealand Pharma,0.06732686589447426,1.4333500044129326,v2,2020-05-29,-0.13863638675574086
BUY,ZEAL,ZEAL,Zealand Pharma,0.06732686589447426,1.4333500044129326,baseline,2020-06,2020-06-30,-0.03957783747389598,BUY,ZEAL,ZEAL,Zealand Pharma,0.06732686589447426,1.4333500044129326,change1_quality,2020-06-30,-0.03957783747389598,BUY,ZEAL,ZEAL,Zealand Pharma,0.06732686589447426,1.4333500044129326,change2_value,2020-06-30,-0.03957783747389598,BUY,ZEAL,ZEAL,Zealand Pharma,0.06732686589447426,1.4333500044129326,v2,2020-06-30,-0.03957783747389598
BUY,PNDORA,PNDORA,Pandora,0.05858853083229293,0.4455838348518979,baseline,2020-07,2020-07-31,0.13871551207991906,BUY,PNDORA,PNDORA,Pandora,0.05858853083229293,0.4455838348518979,change1_quality,2020-07-31,0.13871551207991906,BUY,PNDORA,PNDORA,Pandora,0.05858853083229293,0.4455838348518979,change2_value,2020-07-31,0.13871551207991906,BUY,PNDORA,PNDORA,Pandora,0.05858853083229293,0.4455838348518979,v2,2020-07-31,0.13871551207991906
BUY,ZEAL,ZEAL,Zealand Pharma,0.06732686589447426,1.4333500044129326,baseline,2020-08,2020-08-31,0.015126076065191674,BUY,ZEAL,ZEAL,Zealand Pharma,0.06732686589447426,1.4333500044129326,change1_quality,2020-08-31,0.015126076065191674,BUY,ZEAL,ZEAL,Zealand Pharma,0.06732686589447426,1.4333500044129326,change2_value,2020-08-31,0.015126076065191674,BUY,ZEAL,ZEAL,Zealand Pharma,0.06732686589447426,1.4333500044129326,v2,2020-08-31,0.015126076065191674
BUY,ZEAL,ZEAL,Zealand Pharma,0.06732686589447426,1.4333500044129326,baseline,2020-09,2020-09-30,-0.11754970379886986,BUY,ZEAL,ZEAL,Zealand Pharma,0.06732686589447426,1.4333500044129326,change1_quality,2020-09-30,-0.11754970379886986,BUY,ZEAL,ZEAL,Zealand Pharma,0.06732686589447426,1.4333500044129326,change2_value,2020-09-30,-0.11754970379886986,BUY,ZEAL,ZEAL,Zealand Pharma,0.06732686589447426,1.4333500044129326,v2,2020-09-30,-0.11754970379886986
BUY,PNDORA,PNDORA,Pandora,0.05858853083229293,0.4455838348518979,baseline,2020-10,2020-10-30,0.2346897349494541,BUY,PNDORA,PNDORA,Pandora,0.05858853083229293,0.4455838348518979,change1_quality,2020-10-30,0.2346897349494541,BUY,PNDORA,PNDORA,Pandora,0.05858853083229293,0.4455838348518979,change2_value,2020-10-30,0.2346897349494541,BUY,PNDORA,PNDORA,Pandora,0.05858853083229293,0.4455838348518979,v2,2020-10-30,0.2346897349494541
BUY,ZEAL,ZEAL,Zealand Pharma,0.06732686589447426,1.4333500044129326,baseline,2020-11,2020-11-30,-0.07466438023776856,BUY,ZEAL,ZEAL,Zealand Pharma,0.06732686589447426,1.4333500044129326,change1_quality,2020-11-30,-0.07466438023776856,BUY,ZEAL,ZEAL,Zealand Pharma,0.06732686589447426,1.4333500044129326,change2_value,2020-11-30,-0.07466438023776856,BUY,ZEAL,ZEAL,Zealand Pharma,0.06732686589447426,1.4333500044129326,v2,2020-11-30,-0.07466438023776856
BUY,PNDORA,PNDORA,Pandora,0.05858853083229293,0.4455838348518979,baseline,2020-12,2020-12-30,-0.12892814065076585,BUY,PNDORA,PNDORA,Pandora,0.05858853083229293,0.4455838348518979,change1_quality,2020-12-30,-0.12892814065076585,BUY,PNDORA,PNDORA,Pandora,0.05858853083229293,0.4455838348518979,change2_value,2020-12-30,-0.12892814065076585,BUY,PNDORA,PNDORA,Pandora,0.05858853083229293,0.4455838348518979,v2,2020-12-30,-0.12892814065076585
BUY,PNDORA,PNDORA,Pandora,0.05858853083229293,0.4455838348518979,baseline,2021-01,2021-01-29,0.01078900508022862,BUY,PNDORA,PNDORA,Pandora,0.05858853083229293,0.4455838348518979,change1_quality,2021-01-29,0.01078900508022862,BUY,PNDORA,PNDORA,Pandora,0.05858853083229293,0.4455838348518979,change2_value,2021-01-29,0.01078900508022862,BUY,PNDORA,PNDORA,Pandora,0.05858853083229293,0.4455838348518979,v2,2021-01-29,0.01078900508022862
BUY,PNDORA,PNDORA,Pandora,0.05858853083229293,0.4455838348518979,baseline,2021-02,2021-02-26,0.13342226883120656,BUY,PNDORA,PNDORA,Pandora,0.05858853083229293,0.4455838348518979,change1_quality,2021-02-26,0.13342226883120656,BUY,PNDORA,PNDORA,Pandora,0.05858853083229293,0.4455838348518979,change2_value,2021-02-26,0.13342226883120656,BUY,PNDORA,PNDORA,Pandora,0.05858853083229293,0.4455838348518979,v2,2021-02-26,0.13342226883120656
BUY,PNDORA,PNDORA,Pandora,0.05858853083229293,0.4455838348518979,baseline,2021-03,2021-03-31,0.032960658174227,BUY,PNDORA,PNDORA,Pandora,0.05858853083229293,0.4455838348518979,change1_quality,2021-03-31,0.032960658174227,BUY,PNDORA,PNDORA,Pandora,0.05858853083229293,0.4455838348518979,change2_value,2021-03-31,0.032960658174227,BUY,PNDORA,PNDORA,Pandora,0.05858853083229293,0.4455838348518979,v2,2021-03-31,0.032960658174227
BUY,PNDORA,PNDORA,Pandora,0.05858853083229293,0.4455838348518979,baseline,2021-04,2021-04-30,0.181135804102462,BUY,PNDORA,PNDORA,Pandora,0.05858853083229293,0.4455838348518979,change1_quality,2021-04-30,0.181135804102462,BUY,PNDORA,PNDORA,Pandora,0.05858853083229293,0.4455838348518979,change2_value,2021-04-30,0.181135804102462,BUY,PNDORA,PNDORA,Pandora,0.05858853083229293,0.4455838348518979,v2,2021-04-30,0.181135804102462
BUY,PNDORA,PNDORA,Pandora,0.05858853083229293,0.4455838348518979,baseline,2021-05,2021-05-31,0.023555168941562954,BUY,PNDORA,PNDORA,Pandora,0.05858853083229293,0.4455838348518979,change1_quality,2021-05-31,0.023555168941562954,BUY,PNDORA,PNDORA,Pandora,0.05858853083229293,0.4455838348518979,change2_value,2021-05-31,0.023555168941562954,BUY,PNDORA,PNDORA,Pandora,0.05858853083229293,0.4455838348518979,v2,2021-05-31,0.023555168941562954
BUY,PNDORA,PNDORA,Pandora,0.05858853083229293,0.4455838348518979,baseline,2021-06,2021-06-30,-0.03677344588256104,BUY,PNDORA,PNDORA,Pandora,0.05858853083229293,0.4455838348518979,change1_quality,2021-06-30,-0.03677344588256104,BUY,PNDORA,PNDORA,Pandora,0.05858853083229293,0.4455838348518979,change2_value,2021-06-30,-0.03677344588256104,BUY,PNDORA,PNDORA,Pandora,0.05858853083229293,0.4455838348518979,v2,2021-06-30,-0.03677344588256104
BUY,PNDORA,PNDORA,Pandora,0.05858853083229293,0.4455838348518979,baseline,2021-07,2021-07-30,-0.06528890698241085,BUY,PNDORA,PNDORA,Pandora,0.05858853083229293,0.4455838348518979,change1_quality,2021-07-30,-0.06528890698241085,BUY,PNDORA,PNDORA,Pandora,0.05858853083229293,0.4455838348518979,change2_value,2021-07-30,-0.06528890698241085,BUY,PNDORA,PNDORA,Pandora,0.05858853083229293,0.4455838348518979,v2,2021-07-30,-0.06528890698241085
BUY,PNDORA,PNDORA,Pandora,0.05858853083229293,0.4455838348518979,baseline,2021-08,2021-08-31,0.034482841342625914,BUY,PNDORA,PNDORA,Pandora,0.05858853083229293,0.4455838348518979,change1_quality,2021-08-31,0.034482841342625914,BUY,PNDORA,PNDORA,Pandora,0.05858853083229293,0.4455838348518979,change2_value,2021-08-31,0.034482841342625914,BUY,PNDORA,PNDORA,Pandora,0.05858853083229293,0.4455838348518979,v2,2021-08-31,0.034482841342625914
BUY,PNDORA,PNDORA,Pandora,0.05858853083229293,0.4455838348518979,baseline,2021-09,2021-09-30,0.15205117746633134,BUY,PNDORA,PNDORA,Pandora,0.05858853083229293,0.4455838348518979,change1_quality,2021-09-30,0.15205117746633134,BUY,PNDORA,PNDORA,Pandora,0.05858853083229293,0.4455838348518979,change2_value,2021-09-30,0.15205117746633134,BUY,PNDORA,PNDORA,Pandora,0.05858853083229293,0.4455838348518979,v2,2021-09-30,0.15205117746633134
BUY,ZEAL,ZEAL,Zealand Pharma,0.06732686589447426,1.4333500044129326,baseline,2021-10,2021-10-29,-0.3383494997487485,BUY,ZEAL,ZEAL,Zealand Pharma,0.06732686589447426,1.4333500044129326,change1_quality,2021-10-29,-0.3383494997487485,BUY,ZEAL,ZEAL,Zealand Pharma,0.06732686589447426,1.4333500044129326,change2_value,2021-10-29,-0.3383494997487485,BUY,ZEAL,ZEAL,Zealand Pharma,0.06732686589447426,1.4333500044129326,v2,2021-10-29,-0.3383494997487485
BUY,PNDORA,PNDORA,Pandora,0.05858853083229293,0.4455838348518979,baseline,2021-11,2021-11-30,0.0017199879860341216,BUY,PNDORA,PNDORA,Pandora,0.05858853083229293,0.4455838348518979,change1_quality,2021-11-30,0.0017199879860341216,BUY,PNDORA,PNDORA,Pandora,0.05858853083229293,0.4455838348518979,change2_value,2021-11-30,0.0017199879860341216,BUY,PNDORA,PNDORA,Pandora,0.05858853083229293,0.4455838348518979,v2,2021-11-30,0.0017199879860341216
BUY,PNDORA,PNDORA,Pandora,0.05858853083229293,0.4455838348518979,baseline,2021-12,2021-12-30,-0.12435626521129639,BUY,PNDORA,PNDORA,Pandora,0.05858853083229293,0.4455838348518979,change1_quality,2021-12-30,-0.12435626521129639,BUY,PNDORA,PNDORA,Pandora,0.05858853083229293,0.4455838348518979,change2_value,2021-12-30,-0.12435626521129639,BUY,PNDORA,PNDORA,Pandora,0.05858853083229293,0.4455838348518979,v2,2021-12-30,-0.12435626521129639
BUY,TELIA,TELIA,Telia Company,0.054014206666448905,1.492506492051883,baseline,2022-01,2022-01-31,-0.03537295156730913,BUY,TELIA,TELIA,Telia Company,0.054014206666448905,1.492506492051883,change1_quality,2022-01-31,-0.03537295156730913,CASH,CASH,CASH,CASH,,,change2_value,2022-01-31,0.0,CASH,CASH,CASH,CASH,,,v2,2022-01-31,0.0
BUY,KOJAMO,KOJAMO,Kojamo,0.05247619766689712,0.9915008315650626,baseline,2022-02,2022-02-28,0.06806314306051164,CASH,CASH,CASH,CASH,,,change1_quality,2022-02-28,0.0,CASH,CASH,CASH,CASH,,,change2_value,2022-02-28,0.0,CASH,CASH,CASH,CASH,,,v2,2022-02-28,0.0
BUY,TELIA,TELIA,Telia Company,0.054014206666448905,1.492506492051883,baseline,2022-03,2022-03-31,0.11208628133745413,BUY,TELIA,TELIA,Telia Company,0.054014206666448905,1.492506492051883,change1_quality,2022-03-31,0.11208628133745413,CASH,CASH,CASH,CASH,,,change2_value,2022-03-31,0.0,CASH,CASH,CASH,CASH,,,v2,2022-03-31,0.0
BUY,TELIA,TELIA,Telia Company,0.054014206666448905,1.492506492051883,baseline,2022-04,2022-04-29,-0.02103720935499731,BUY,TELIA,TELIA,Telia Company,0.054014206666448905,1.492506492051883,change1_quality,2022-04-29,-0.02103720935499731,CASH,CASH,CASH,CASH,,,change2_value,2022-04-29,0.0,CASH,CASH,CASH,CASH,,,v2,2022-04-29,0.0
BUY,TELIA,TELIA,Telia Company,0.054014206666448905,1.492506492051883,baseline,2022-05,2022-05-31,-0.02098948459670591,BUY,TELIA,TELIA,Telia Company,0.054014206666448905,1.492506492051883,change1_quality,2022-05-31,-0.02098948459670591,CASH,CASH,CASH,CASH,,,change2_value,2022-05-31,0.0,CASH,CASH,CASH,CASH,,,v2,2022-05-31,0.0
BUY,TELIA,TELIA,Telia Company,0.054014206666448905,1.492506492051883,baseline,2022-06,2022-06-30,-0.043644748964018154,BUY,TELIA,TELIA,Telia Company,0.054014206666448905,1.492506492051883,change1_quality,2022-06-30,-0.043644748964018154,CASH,CASH,CASH,CASH,,,change2_value,2022-06-30,0.0,CASH,CASH,CASH,CASH,,,v2,2022-06-30,0.0
BUY,ISS,ISS,ISS,0.05519494097384507,0.4924576619327887,baseline,2022-07,2022-07-29,0.029237459926692244,BUY,ISS,ISS,ISS,0.05519494097384507,0.4924576619327887,change1_quality,2022-07-29,0.029237459926692244,BUY,ISS,ISS,ISS,0.05519494097384507,0.4924576619327887,change2_value,2022-07-29,0.029237459926692244,BUY,ISS,ISS,ISS,0.05519494097384507,0.4924576619327887,v2,2022-07-29,0.029237459926692244
BUY,ZEAL,ZEAL,Zealand Pharma,0.06732686589447426,1.4333500044129326,baseline,2022-08,2022-08-31,0.31467478868250276,BUY,ZEAL,ZEAL,Zealand Pharma,0.06732686589447426,1.4333500044129326,change1_quality,2022-08-31,0.31467478868250276,BUY,ZEAL,ZEAL,Zealand Pharma,0.06732686589447426,1.4333500044129326,change2_value,2022-08-31,0.31467478868250276,BUY,ZEAL,ZEAL,Zealand Pharma,0.06732686589447426,1.4333500044129326,v2,2022-08-31,0.31467478868250276
BUY,ZEAL,ZEAL,Zealand Pharma,0.06732686589447426,1.4333500044129326,baseline,2022-09,2022-09-30,0.11737625741243085,BUY,ZEAL,ZEAL,Zealand Pharma,0.06732686589447426,1.4333500044129326,change1_quality,2022-09-30,0.11737625741243085,BUY,ZEAL,ZEAL,Zealand Pharma,0.06732686589447426,1.4333500044129326,change2_value,2022-09-30,0.11737625741243085,BUY,ZEAL,ZEAL,Zealand Pharma,0.06732686589447426,1.4333500044129326,v2,2022-09-30,0.11737625741243085
BUY,ZEAL,ZEAL,Zealand Pharma,0.06732686589447426,1.4333500044129326,baseline,2022-10,2022-10-31,0.037075165094678786,BUY,ZEAL,ZEAL,Zealand Pharma,0.06732686589447426,1.4333500044129326,change1_quality,2022-10-31,0.037075165094678786,BUY,ZEAL,ZEAL,Zealand Pharma,0.06732686589447426,1.4333500044129326,change2_value,2022-10-31,0.037075165094678786,BUY,ZEAL,ZEAL,Zealand Pharma,0.06732686589447426,1.4333500044129326,v2,2022-10-31,0.037075165094678786
BUY,ZEAL,ZEAL,Zealand Pharma,0.06732686589447426,1.4333500044129326,baseline,2022-11,2022-11-30,0.0,BUY,ZEAL,ZEAL,Zealand Pharma,0.06732686589447426,1.4333500044129326,change1_quality,2022-11-30,0.0,BUY,ZEAL,ZEAL,Zealand Pharma,0.06732686589447426,1.4333500044129326,change2_value,2022-11-30,0.0,BUY,ZEAL,ZEAL,Zealand Pharma,0.06732686589447426,1.4333500044129326,v2,2022-11-30,0.0
BUY,ZEAL,ZEAL,Zealand Pharma,0.06732686589447426,1.4333500044129326,baseline,2022-12,2022-12-30,0.05660382075846937,BUY,ZEAL,ZEAL,Zealand Pharma,0.06732686589447426,1.4333500044129326,change1_quality,2022-12-30,0.05660382075846937,BUY,ZEAL,ZEAL,Zealand Pharma,0.06732686589447426,1.4333500044129326,change2_value,2022-12-30,0.05660382075846937,BUY,ZEAL,ZEAL,Zealand Pharma,0.06732686589447426,1.4333500044129326,v2,2022-12-30,0.05660382075846937
BUY,ZEAL,ZEAL,Zealand Pharma,0.06732686589447426,1.4333500044129326,baseline,2023-01,2023-01-31,0.0545112343908436,BUY,ZEAL,ZEAL,Zealand Pharma,0.06732686589447426,1.4333500044129326,change1_quality,2023-01-31,0.0545112343908436,BUY,ZEAL,ZEAL,Zealand Pharma,0.06732686589447426,1.4333500044129326,change2_value,2023-01-31,0.0545112343908436,BUY,ZEAL,ZEAL,Zealand Pharma,0.06732686589447426,1.4333500044129326,v2,2023-01-31,0.0545112343908436
BUY,ZEAL,ZEAL,Zealand Pharma,0.06732686589447426,1.4333500044129326,baseline,2023-02,2023-02-28,-0.0427807090278044,BUY,ZEAL,ZEAL,Zealand Pharma,0.06732686589447426,1.4333500044129326,change1_quality,2023-02-28,-0.0427807090278044,BUY,ZEAL,ZEAL,Zealand Pharma,0.06732686589447426,1.4333500044129326,change2_value,2023-02-28,-0.0427807090278044,BUY,ZEAL,ZEAL,Zealand Pharma,0.06732686589447426,1.4333500044129326,v2,2023-02-28,-0.0427807090278044
BUY,ZEAL,ZEAL,Zealand Pharma,0.06732686589447426,1.4333500044129326,baseline,2023-03,2023-03-31,0.06238358336175409,BUY,ZEAL,ZEAL,Zealand Pharma,0.06732686589447426,1.4333500044129326,change1_quality,2023-03-31,0.06238358336175409,BUY,ZEAL,ZEAL,Zealand Pharma,0.06732686589447426,1.4333500044129326,change2_value,2023-03-31,0.06238358336175409,BUY,ZEAL,ZEAL,Zealand Pharma,0.06732686589447426,1.4333500044129326,v2,2023-03-31,0.06238358336175409
BUY,ZEAL,ZEAL,Zealand Pharma,0.06732686589447426,1.4333500044129326,baseline,2023-04,2023-04-28,0.16827348671692977,BUY,ZEAL,ZEAL,Zealand Pharma,0.06732686589447426,1.4333500044129326,change1_quality,2023-04-28,0.16827348671692977,BUY,ZEAL,ZEAL,Zealand Pharma,0.06732686589447426,1.4333500044129326,change2_value,2023-04-28,0.16827348671692977,BUY,ZEAL,ZEAL,Zealand Pharma,0.06732686589447426,1.4333500044129326,v2,2023-04-28,0.16827348671692977
BUY,ZEAL,ZEAL,Zealand Pharma,0.06732686589447426,1.4333500044129326,baseline,2023-05,2023-05-31,-0.08252062826831985,BUY,ZEAL,ZEAL,Zealand Pharma,0.06732686589447426,1.4333500044129326,change1_quality,2023-05-31,-0.08252062826831985,BUY,ZEAL,ZEAL,Zealand Pharma,0.06732686589447426,1.4333500044129326,change2_value,2023-05-31,-0.08252062826831985,BUY,ZEAL,ZEAL,Zealand Pharma,0.06732686589447426,1.4333500044129326,v2,2023-05-31,-0.08252062826831985
BUY,ZEAL,ZEAL,Zealand Pharma,0.06732686589447426,1.4333500044129326,baseline,2023-06,2023-06-30,-0.036794766048334315,BUY,ZEAL,ZEAL,Zealand Pharma,0.06732686589447426,1.4333500044129326,change1_quality,2023-06-30,-0.036794766048334315,BUY,ZEAL,ZEAL,Zealand Pharma,0.06732686589447426,1.4333500044129326,change2_value,2023-06-30,-0.036794766048334315,BUY,ZEAL,ZEAL,Zealand Pharma,0.06732686589447426,1.4333500044129326,v2,2023-06-30,-0.036794766048334315
BUY,ZEAL,ZEAL,Zealand Pharma,0.06732686589447426,1.4333500044129326,baseline,2023-07,2023-07-31,0.08998294202139578,BUY,ZEAL,ZEAL,Zealand Pharma,0.06732686589447426,1.4333500044129326,change1_quality,2023-07-31,0.08998294202139578,BUY,ZEAL,ZEAL,Zealand Pharma,0.06732686589447426,1.4333500044129326,change2_value,2023-07-31,0.08998294202139578,BUY,ZEAL,ZEAL,Zealand Pharma,0.06732686589447426,1.4333500044129326,v2,2023-07-31,0.08998294202139578
BUY,ZEAL,ZEAL,Zealand Pharma,0.06732686589447426,1.4333500044129326,baseline,2023-08,2023-08-31,0.1908099779175365,BUY,ZEAL,ZEAL,Zealand Pharma,0.06732686589447426,1.4333500044129326,change1_quality,2023-08-31,0.1908099779175365,BUY,ZEAL,ZEAL,Zealand Pharma,0.06732686589447426,1.4333500044129326,change2_value,2023-08-31,0.1908099779175365,BUY,ZEAL,ZEAL,Zealand Pharma,0.06732686589447426,1.4333500044129326,v2,2023-08-31,0.1908099779175365
BUY,ZEAL,ZEAL,Zealand Pharma,0.06732686589447426,1.4333500044129326,baseline,2023-09,2023-09-29,-0.04251144708613008,BUY,ZEAL,ZEAL,Zealand Pharma,0.06732686589447426,1.4333500044129326,change1_quality,2023-09-29,-0.04251144708613008,BUY,ZEAL,ZEAL,Zealand Pharma,0.06732686589447426,1.4333500044129326,change2_value,2023-09-29,-0.04251144708613008,BUY,ZEAL,ZEAL,Zealand Pharma,0.06732686589447426,1.4333500044129326,v2,2023-09-29,-0.04251144708613008
BUY,ZEAL,ZEAL,Zealand Pharma,0.06732686589447426,1.4333500044129326,baseline,2023-10,2023-10-31,0.14754103144832387,BUY,ZEAL,ZEAL,Zealand Pharma,0.06732686589447426,1.4333500044129326,change1_quality,2023-10-31,0.14754103144832387,BUY,ZEAL,ZEAL,Zealand Pharma,0.06732686589447426,1.4333500044129326,change2_value,2023-10-31,0.14754103144832387,BUY,ZEAL,ZEAL,Zealand Pharma,0.06732686589447426,1.4333500044129326,v2,2023-10-31,0.14754103144832387
BUY,ZEAL,ZEAL,Zealand Pharma,0.06732686589447426,1.4333500044129326,baseline,2023-11,2023-11-30,0.11071432204473597,BUY,ZEAL,ZEAL,Zealand Pharma,0.06732686589447426,1.4333500044129326,change1_quality,2023-11-30,0.11071432204473597,BUY,ZEAL,ZEAL,Zealand Pharma,0.06732686589447426,1.4333500044129326,change2_value,2023-11-30,0.11071432204473597,BUY,ZEAL,ZEAL,Zealand Pharma,0.06732686589447426,1.4333500044129326,v2,2023-11-30,0.11071432204473597
BUY,ZEAL,ZEAL,Zealand Pharma,0.06732686589447426,1.4333500044129326,baseline,2023-12,2023-12-29,0.26527330322025855,BUY,ZEAL,ZEAL,Zealand Pharma,0.06732686589447426,1.4333500044129326,change1_quality,2023-12-29,0.26527330322025855,BUY,ZEAL,ZEAL,Zealand Pharma,0.06732686589447426,1.4333500044129326,change2_value,2023-12-29,0.26527330322025855,BUY,ZEAL,ZEAL,Zealand Pharma,0.06732686589447426,1.4333500044129326,v2,2023-12-29,0.26527330322025855
BUY,ZEAL,ZEAL,Zealand Pharma,0.06732686589447426,1.4333500044129326,baseline,2024-01,2024-01-31,0.4061837840632583,BUY,ZEAL,ZEAL,Zealand Pharma,0.06732686589447426,1.4333500044129326,change1_quality,2024-01-31,0.4061837840632583,BUY,ZEAL,ZEAL,Zealand Pharma,0.06732686589447426,1.4333500044129326,change2_value,2024-01-31,0.4061837840632583,BUY,ZEAL,ZEAL,Zealand Pharma,0.06732686589447426,1.4333500044129326,v2,2024-01-31,0.4061837840632583
BUY,ZEAL,ZEAL,Zealand Pharma,0.06732686589447426,1.4333500044129326,baseline,2024-02,2024-02-29,0.026355421686746983,BUY,ZEAL,ZEAL,Zealand Pharma,0.06732686589447426,1.4333500044129326,change1_quality,2024-02-29,0.026355421686746983,BUY,ZEAL,ZEAL,Zealand Pharma,0.06732686589447426,1.4333500044129326,change2_value,2024-02-29,0.026355421686746983,BUY,ZEAL,ZEAL,Zealand Pharma,0.06732686589447426,1.4333500044129326,v2,2024-02-29,0.026355421686746983
BUY,ZEAL,ZEAL,Zealand Pharma,0.06732686589447426,1.4333500044129326,baseline,2024-03,2024-03-28,-0.07116654438738079,BUY,ZEAL,ZEAL,Zealand Pharma,0.06732686589447426,1.4333500044129326,change1_quality,2024-03-28,-0.07116654438738079,BUY,ZEAL,ZEAL,Zealand Pharma,0.06732686589447426,1.4333500044129326,change2_value,2024-03-28,-0.07116654438738079,BUY,ZEAL,ZEAL,Zealand Pharma,0.06732686589447426,1.4333500044129326,v2,2024-03-28,-0.07116654438738079
BUY,ZEAL,ZEAL,Zealand Pharma,0.06732686589447426,1.4333500044129326,baseline,2024-04,2024-04-30,0.010268562401263726,BUY,ZEAL,ZEAL,Zealand Pharma,0.06732686589447426,1.4333500044129326,change1_quality,2024-04-30,0.010268562401263726,BUY,ZEAL,ZEAL,Zealand Pharma,0.06732686589447426,1.4333500044129326,change2_value,2024-04-30,0.010268562401263726,BUY,ZEAL,ZEAL,Zealand Pharma,0.06732686589447426,1.4333500044129326,v2,2024-04-30,0.010268562401263726
BUY,ZEAL,ZEAL,Zealand Pharma,0.06732686589447426,1.4333500044129326,baseline,2024-05,2024-05-31,0.3956215793588742,BUY,ZEAL,ZEAL,Zealand Pharma,0.06732686589447426,1.4333500044129326,change1_quality,2024-05-31,0.3956215793588742,BUY,ZEAL,ZEAL,Zealand Pharma,0.06732686589447426,1.4333500044129326,change2_value,2024-05-31,0.3956215793588742,BUY,ZEAL,ZEAL,Zealand Pharma,0.06732686589447426,1.4333500044129326,v2,2024-05-31,0.3956215793588742
BUY,ZEAL,ZEAL,Zealand Pharma,0.06732686589447426,1.4333500044129326,baseline,2024-06,2024-06-28,0.04201680672268915,BUY,ZEAL,ZEAL,Zealand Pharma,0.06732686589447426,1.4333500044129326,change1_quality,2024-06-28,0.04201680672268915,BUY,ZEAL,ZEAL,Zealand Pharma,0.06732686589447426,1.4333500044129326,change2_value,2024-06-28,0.04201680672268915,BUY,ZEAL,ZEAL,Zealand Pharma,0.06732686589447426,1.4333500044129326,v2,2024-06-28,0.04201680672268915
BUY,ZEAL,ZEAL,Zealand Pharma,0.06732686589447426,1.4333500044129326,baseline,2024-07,2024-07-31,-0.04677419354838708,BUY,ZEAL,ZEAL,Zealand Pharma,0.06732686589447426,1.4333500044129326,change1_quality,2024-07-31,-0.04677419354838708,BUY,ZEAL,ZEAL,Zealand Pharma,0.06732686589447426,1.4333500044129326,change2_value,2024-07-31,-0.04677419354838708,BUY,ZEAL,ZEAL,Zealand Pharma,0.06732686589447426,1.4333500044129326,v2,2024-07-31,-0.04677419354838708
BUY,ZEAL,ZEAL,Zealand Pharma,0.06732686589447426,1.4333500044129326,baseline,2024-08,2024-08-30,-0.08291032148900168,BUY,ZEAL,ZEAL,Zealand Pharma,0.06732686589447426,1.4333500044129326,change1_quality,2024-08-30,-0.08291032148900168,BUY,ZEAL,ZEAL,Zealand Pharma,0.06732686589447426,1.4333500044129326,change2_value,2024-08-30,-0.08291032148900168,BUY,ZEAL,ZEAL,Zealand Pharma,0.06732686589447426,1.4333500044129326,v2,2024-08-30,-0.08291032148900168
BUY,ZEAL,ZEAL,Zealand Pharma,0.06732686589447426,1.4333500044129326,baseline,2024-09,2024-09-30,-0.027675276752767486,BUY,ZEAL,ZEAL,Zealand Pharma,0.06732686589447426,1.4333500044129326,change1_quality,2024-09-30,-0.027675276752767486,BUY,ZEAL,ZEAL,Zealand Pharma,0.06732686589447426,1.4333500044129326,change2_value,2024-09-30,-0.027675276752767486,BUY,ZEAL,ZEAL,Zealand Pharma,0.06732686589447426,1.4333500044129326,v2,2024-09-30,-0.027675276752767486
BUY,ZEAL,ZEAL,Zealand Pharma,0.06732686589447426,1.4333500044129326,baseline,2024-10,2024-10-31,-0.07653383934218849,BUY,ZEAL,ZEAL,Zealand Pharma,0.06732686589447426,1.4333500044129326,change1_quality,2024-10-31,-0.07653383934218849,BUY,ZEAL,ZEAL,Zealand Pharma,0.06732686589447426,1.4333500044129326,change2_value,2024-10-31,-0.07653383934218849,BUY,ZEAL,ZEAL,Zealand Pharma,0.06732686589447426,1.4333500044129326,v2,2024-10-31,-0.07653383934218849
BUY,PNDORA,PNDORA,Pandora,0.05858853083229293,0.4455838348518979,baseline,2024-11,2024-11-29,0.15882102601078651,BUY,PNDORA,PNDORA,Pandora,0.05858853083229293,0.4455838348518979,change1_quality,2024-11-29,0.15882102601078651,BUY,PNDORA,PNDORA,Pandora,0.05858853083229293,0.4455838348518979,change2_value,2024-11-29,0.15882102601078651,BUY,PNDORA,PNDORA,Pandora,0.05858853083229293,0.4455838348518979,v2,2024-11-29,0.15882102601078651
BUY,PNDORA,PNDORA,Pandora,0.05858853083229293,0.4455838348518979,baseline,2024-12,2024-12-30,0.04821556311928199,BUY,PNDORA,PNDORA,Pandora,0.05858853083229293,0.4455838348518979,change1_quality,2024-12-30,0.04821556311928199,BUY,PNDORA,PNDORA,Pandora,0.05858853083229293,0.4455838348518979,change2_value,2024-12-30,0.04821556311928199,BUY,PNDORA,PNDORA,Pandora,0.05858853083229293,0.4455838348518979,v2,2024-12-30,0.04821556311928199
BUY,PNDORA,PNDORA,Pandora,0.05858853083229293,0.4455838348518979,baseline,2025-01,2025-01-31,-0.08185438545116597,BUY,PNDORA,PNDORA,Pandora,0.05858853083229293,0.4455838348518979,change1_quality,2025-01-31,-0.08185438545116597,BUY,PNDORA,PNDORA,Pandora,0.05858853083229293,0.4455838348518979,change2_value,2025-01-31,-0.08185438545116597,BUY,PNDORA,PNDORA,Pandora,0.05858853083229293,0.4455838348518979,v2,2025-01-31,-0.08185438545116597
BUY,PNDORA,PNDORA,Pandora,0.05858853083229293,0.4455838348518979,baseline,2025-02,2025-02-28,-0.15343847282652334,BUY,PNDORA,PNDORA,Pandora,0.05858853083229293,0.4455838348518979,change1_quality,2025-02-28,-0.15343847282652334,BUY,PNDORA,PNDORA,Pandora,0.05858853083229293,0.4455838348518979,change2_value,2025-02-28,-0.15343847282652334,BUY,PNDORA,PNDORA,Pandora,0.05858853083229293,0.4455838348518979,v2,2025-02-28,-0.15343847282652334
BUY,ISS,ISS,ISS,0.05519494097384507,0.4924576619327887,baseline,2025-03,2025-03-31,0.06527117879593636,BUY,ISS,ISS,ISS,0.05519494097384507,0.4924576619327887,change1_quality,2025-03-31,0.06527117879593636,BUY,ISS,ISS,ISS,0.05519494097384507,0.4924576619327887,change2_value,2025-03-31,0.06527117879593636,BUY,ISS,ISS,ISS,0.05519494097384507,0.4924576619327887,v2,2025-03-31,0.06527117879593636
BUY,ISS,ISS,ISS,0.05519494097384507,0.4924576619327887,baseline,2025-04,2025-04-30,0.06840195678271188,BUY,ISS,ISS,ISS,0.05519494097384507,0.4924576619327887,change1_quality,2025-04-30,0.06840195678271188,BUY,ISS,ISS,ISS,0.05519494097384507,0.4924576619327887,change2_value,2025-04-30,0.06840195678271188,BUY,ISS,ISS,ISS,0.05519494097384507,0.4924576619327887,v2,2025-04-30,0.06840195678271188
BUY,PNDORA,PNDORA,Pandora,0.05858853083229293,0.4455838348518979,baseline,2025-05,2025-05-30,-0.07062264939406604,BUY,PNDORA,PNDORA,Pandora,0.05858853083229293,0.4455838348518979,change1_quality,2025-05-30,-0.07062264939406604,BUY,PNDORA,PNDORA,Pandora,0.05858853083229293,0.4455838348518979,change2_value,2025-05-30,-0.07062264939406604,BUY,PNDORA,PNDORA,Pandora,0.05858853083229293,0.4455838348518979,v2,2025-05-30,-0.07062264939406604
BUY,ISS,ISS,ISS,0.05519494097384507,0.4924576619327887,baseline,2025-06,2025-06-30,0.06681759561238132,BUY,ISS,ISS,ISS,0.05519494097384507,0.4924576619327887,change1_quality,2025-06-30,0.06681759561238132,BUY,ISS,ISS,ISS,0.05519494097384507,0.4924576619327887,change2_value,2025-06-30,0.06681759561238132,BUY,ISS,ISS,ISS,0.05519494097384507,0.4924576619327887,v2,2025-06-30,0.06681759561238132
BUY,ISS,ISS,ISS,0.05519494097384507,0.4924576619327887,baseline,2025-07,2025-07-31,-0.00955407564374866,BUY,ISS,ISS,ISS,0.05519494097384507,0.4924576619327887,change1_quality,2025-07-31,-0.00955407564374866,BUY,ISS,ISS,ISS,0.05519494097384507,0.4924576619327887,change2_value,2025-07-31,-0.00955407564374866,BUY,ISS,ISS,ISS,0.05519494097384507,0.4924576619327887,v2,2025-07-31,-0.00955407564374866
BUY,ISS,ISS,ISS,0.05519494097384507,0.4924576619327887,baseline,2025-08,2025-08-29,0.07824217774477082,BUY,ISS,ISS,ISS,0.05519494097384507,0.4924576619327887,change1_quality,2025-08-29,0.07824217774477082,BUY,ISS,ISS,ISS,0.05519494097384507,0.4924576619327887,change2_value,2025-08-29,0.07824217774477082,BUY,ISS,ISS,ISS,0.05519494097384507,0.4924576619327887,v2,2025-08-29,0.07824217774477082
BUY,ISS,ISS,ISS,0.05519494097384507,0.4924576619327887,baseline,2025-09,2025-09-30,0.014910537005483837,BUY,ISS,ISS,ISS,0.05519494097384507,0.4924576619327887,change1_quality,2025-09-30,0.014910537005483837,BUY,ISS,ISS,ISS,0.05519494097384507,0.4924576619327887,change2_value,2025-09-30,0.014910537005483837,BUY,ISS,ISS,ISS,0.05519494097384507,0.4924576619327887,v2,2025-09-30,0.014910537005483837
BUY,ZEAL,ZEAL,Zealand Pharma,0.06732686589447426,1.4333500044129326,baseline,2025-10,2025-10-31,0.00741328327958124,BUY,ZEAL,ZEAL,Zealand Pharma,0.06732686589447426,1.4333500044129326,change1_quality,2025-10-31,0.00741328327958124,BUY,ZEAL,ZEAL,Zealand Pharma,0.06732686589447426,1.4333500044129326,change2_value,2025-10-31,0.00741328327958124,BUY,ZEAL,ZEAL,Zealand Pharma,0.06732686589447426,1.4333500044129326,v2,2025-10-31,0.00741328327958124
BUY,ZEAL,ZEAL,Zealand Pharma,0.06732686589447426,1.4333500044129326,baseline,2025-11,2025-11-28,-0.0795895326839463,BUY,ZEAL,ZEAL,Zealand Pharma,0.06732686589447426,1.4333500044129326,change1_quality,2025-11-28,-0.0795895326839463,BUY,ZEAL,ZEAL,Zealand Pharma,0.06732686589447426,1.4333500044129326,change2_value,2025-11-28,-0.0795895326839463,BUY,ZEAL,ZEAL,Zealand Pharma,0.06732686589447426,1.4333500044129326,v2,2025-11-28,-0.0795895326839463
